/*
SQLyog Community v13.1.8 (64 bit)
MySQL - 10.4.24-MariaDB : Database - YoriJori
*********************************************************************
*/

/*!40101 SET NAMES utf8 */;

/*!40101 SET SQL_MODE=''*/;

/*!40014 SET @OLD_UNIQUE_CHECKS=@@UNIQUE_CHECKS, UNIQUE_CHECKS=0 */;
/*!40014 SET @OLD_FOREIGN_KEY_CHECKS=@@FOREIGN_KEY_CHECKS, FOREIGN_KEY_CHECKS=0 */;
/*!40101 SET @OLD_SQL_MODE=@@SQL_MODE, SQL_MODE='NO_AUTO_VALUE_ON_ZERO' */;
/*!40111 SET @OLD_SQL_NOTES=@@SQL_NOTES, SQL_NOTES=0 */;
CREATE DATABASE /*!32312 IF NOT EXISTS*/`YoriJori` /*!40100 DEFAULT CHARACTER SET utf8mb4 */;

USE `YoriJori`;

/*Table structure for table `attr` */

DROP TABLE IF EXISTS `attr`;

CREATE TABLE `attr` (
  `id` int(10) unsigned NOT NULL AUTO_INCREMENT,
  `regDate` datetime NOT NULL,
  `updateDate` datetime NOT NULL,
  `relTypeCode` char(30) NOT NULL COMMENT '관련데이터타입코드',
  `relId` int(10) unsigned NOT NULL COMMENT '관련데이터번호',
  `typeCode` char(30) NOT NULL,
  `type2Code` char(70) NOT NULL,
  `value` text NOT NULL,
  `expireDate` datetime DEFAULT NULL,
  PRIMARY KEY (`id`),
  UNIQUE KEY `relTypeCode` (`relTypeCode`,`relId`,`typeCode`,`type2Code`),
  KEY `relTypeCode_2` (`relTypeCode`,`typeCode`,`type2Code`)
) ENGINE=InnoDB AUTO_INCREMENT=22 DEFAULT CHARSET=utf8mb4;

/*Data for the table `attr` */

insert  into `attr`(`id`,`regDate`,`updateDate`,`relTypeCode`,`relId`,`typeCode`,`type2Code`,`value`,`expireDate`) values 
(1,'2022-09-20 23:20:11','2022-09-20 23:35:01','member',2,'extra','memberModifyAuthKey','cflsslp0wg','2022-09-20 23:40:01'),
(6,'2022-09-21 08:10:04','2022-09-21 09:19:00','member',3,'extra','memberModifyAuthKey','rfkxl8cjh3','2022-09-21 09:24:00'),
(16,'2022-09-21 09:36:46','2022-09-21 09:46:28','member',6,'extra','memberModifyAuthKey','0m1gtqs2b7','2022-09-21 09:51:28');

/*Table structure for table `board` */

DROP TABLE IF EXISTS `board`;

CREATE TABLE `board` (
  `id` int(10) unsigned NOT NULL AUTO_INCREMENT,
  `regDate` datetime NOT NULL,
  `updateDate` datetime NOT NULL,
  `code` char(50) NOT NULL COMMENT 'sort,method,content,free...',
  `boardName` char(50) NOT NULL COMMENT '종류,방법,재료,상황...',
  `delStatus` tinyint(1) unsigned NOT NULL DEFAULT 0 COMMENT '삭제여부(0=삭제전,1=삭제)',
  PRIMARY KEY (`id`),
  UNIQUE KEY `code` (`code`),
  UNIQUE KEY `boardName` (`boardName`)
) ENGINE=InnoDB AUTO_INCREMENT=5 DEFAULT CHARSET=utf8mb4;

/*Data for the table `board` */

insert  into `board`(`id`,`regDate`,`updateDate`,`code`,`boardName`,`delStatus`) values 
(1,'2022-09-20 22:36:22','2022-09-20 22:36:22','sort','종류',0),
(2,'2022-09-20 22:36:22','2022-09-20 22:36:22','method','방법',0),
(3,'2022-09-20 22:36:22','2022-09-20 22:36:22','content','재료',0),
(4,'2022-09-20 22:36:22','2022-09-20 22:36:22','free','상황',0);

/*Table structure for table `category` */

DROP TABLE IF EXISTS `category`;

CREATE TABLE `category` (
  `id` int(10) unsigned NOT NULL AUTO_INCREMENT,
  `regDate` datetime NOT NULL,
  `updateDate` datetime NOT NULL,
  `boardId` int(10) unsigned NOT NULL,
  `relId` int(10) unsigned NOT NULL,
  `name` char(50) NOT NULL,
  `delStatus` tinyint(1) unsigned NOT NULL DEFAULT 0 COMMENT '삭제여부(0=삭제전,1=삭제)',
  PRIMARY KEY (`id`),
  UNIQUE KEY `name` (`name`)
) ENGINE=InnoDB AUTO_INCREMENT=48 DEFAULT CHARSET=utf8mb4;

/*Data for the table `category` */

insert  into `category`(`id`,`regDate`,`updateDate`,`boardId`,`relId`,`name`,`delStatus`) values 
(1,'2022-09-20 22:36:22','2022-09-20 22:36:22',1,1,'밑반찬',0),
(2,'2022-09-20 22:36:22','2022-09-20 22:36:22',1,2,'메인반찬',0),
(3,'2022-09-20 22:36:22','2022-09-20 22:36:22',1,3,'국/탕/찌게',0),
(4,'2022-09-20 22:36:22','2022-09-20 22:36:22',1,4,'밥/죽',0),
(5,'2022-09-20 22:36:22','2022-09-20 22:36:22',1,5,'면/국수',0),
(6,'2022-09-20 22:36:22','2022-09-20 22:36:22',1,6,'장류',0),
(7,'2022-09-20 22:36:22','2022-09-20 22:36:22',1,7,'소스/양념',0),
(8,'2022-09-20 22:36:22','2022-09-20 22:36:22',1,8,'한식',0),
(9,'2022-09-20 22:36:22','2022-09-20 22:36:22',1,9,'중식',0),
(10,'2022-09-20 22:36:22','2022-09-20 22:36:22',1,10,'양식',0),
(11,'2022-09-20 22:36:22','2022-09-20 22:36:22',1,11,'동남아식',0),
(12,'2022-09-20 22:36:22','2022-09-20 22:36:22',1,12,'베이커리',0),
(13,'2022-09-20 22:36:22','2022-09-20 22:36:22',1,13,'음료/차',0),
(14,'2022-09-20 22:36:22','2022-09-20 22:36:22',2,1,'볶기',0),
(15,'2022-09-20 22:36:22','2022-09-20 22:36:22',2,2,'굽기',0),
(16,'2022-09-20 22:36:22','2022-09-20 22:36:22',2,3,'끓이기',0),
(17,'2022-09-20 22:36:22','2022-09-20 22:36:22',2,4,'찜',0),
(18,'2022-09-20 22:36:22','2022-09-20 22:36:22',2,5,'조림',0),
(19,'2022-09-20 22:36:22','2022-09-20 22:36:22',2,6,'튀김',0),
(20,'2022-09-20 22:36:22','2022-09-20 22:36:22',2,7,'삶기',0),
(21,'2022-09-20 22:36:22','2022-09-20 22:36:22',2,8,'데치기',0),
(22,'2022-09-20 22:36:22','2022-09-20 22:36:22',2,9,'무치기',0),
(23,'2022-09-20 22:36:22','2022-09-20 22:36:22',2,10,'전/부침',0),
(24,'2022-09-20 22:36:22','2022-09-20 22:36:22',3,1,'소고기',0),
(25,'2022-09-20 22:36:22','2022-09-20 22:36:22',3,2,'돼지고기',0),
(26,'2022-09-20 22:36:22','2022-09-20 22:36:22',3,3,'닭고기',0),
(27,'2022-09-20 22:36:22','2022-09-20 22:36:22',3,4,'생선류',0),
(28,'2022-09-20 22:36:22','2022-09-20 22:36:22',3,5,'갑각류',0),
(29,'2022-09-20 22:36:22','2022-09-20 22:36:22',3,6,'해조류',0),
(30,'2022-09-20 22:36:22','2022-09-20 22:36:22',3,7,'건어물류',0),
(31,'2022-09-20 22:36:22','2022-09-20 22:36:22',3,8,'과일류',0),
(32,'2022-09-20 22:36:22','2022-09-20 22:36:22',3,9,'채소류',0),
(33,'2022-09-20 22:36:22','2022-09-20 22:36:22',3,10,'버섯류',0),
(34,'2022-09-20 22:36:22','2022-09-20 22:36:22',3,11,'견과류/곡류',0),
(35,'2022-09-20 22:36:22','2022-09-20 22:36:22',3,12,'쌀/밀',0),
(36,'2022-09-20 22:36:22','2022-09-20 22:36:22',3,13,'달걀/유제품',0),
(37,'2022-09-20 22:36:22','2022-09-20 22:36:22',3,14,'구황작물',0),
(38,'2022-09-20 22:36:22','2022-09-20 22:36:22',3,15,'가공식품',0),
(39,'2022-09-20 22:36:22','2022-09-20 22:36:22',4,1,'술안주',0),
(40,'2022-09-20 22:36:22','2022-09-20 22:36:22',4,2,'해장',0),
(41,'2022-09-20 22:36:22','2022-09-20 22:36:22',4,3,'야식',0),
(42,'2022-09-20 22:36:22','2022-09-20 22:36:22',4,4,'다이어트',0),
(43,'2022-09-20 22:36:22','2022-09-20 22:36:22',4,5,'간편식',0),
(44,'2022-09-20 22:36:22','2022-09-20 22:36:22',4,6,'영양식',0),
(45,'2022-09-20 22:36:22','2022-09-20 22:36:22',4,7,'도시락',0),
(46,'2022-09-20 22:36:22','2022-09-20 22:36:22',4,8,'기념일',0),
(47,'2022-09-20 22:36:22','2022-09-20 22:36:22',4,9,'집들이',0);

/*Table structure for table `guide` */

DROP TABLE IF EXISTS `guide`;

CREATE TABLE `guide` (
  `id` int(10) unsigned NOT NULL AUTO_INCREMENT,
  `regDate` datetime NOT NULL,
  `updateDate` datetime NOT NULL,
  `recipeId` int(10) unsigned NOT NULL DEFAULT 0,
  `sortId` int(10) unsigned NOT NULL DEFAULT 0,
  `methodId` int(10) unsigned NOT NULL DEFAULT 0,
  `contentId` int(10) unsigned NOT NULL DEFAULT 0,
  `freeId` int(10) unsigned NOT NULL DEFAULT 0,
  `delStatus` tinyint(1) unsigned NOT NULL DEFAULT 0 COMMENT '삭제여부(0=삭제전,1=삭제)',
  PRIMARY KEY (`id`)
) ENGINE=InnoDB AUTO_INCREMENT=307 DEFAULT CHARSET=utf8mb4;

/*Data for the table `guide` */

insert  into `guide`(`id`,`regDate`,`updateDate`,`recipeId`,`sortId`,`methodId`,`contentId`,`freeId`,`delStatus`) values 
(1,'2022-09-20 22:36:22','2022-09-20 22:36:22',1,1,1,13,5,0),
(2,'2022-09-20 22:36:22','2022-09-20 22:36:22',2,8,4,1,6,0),
(3,'2022-09-20 22:36:22','2022-09-20 22:36:22',3,5,1,12,5,0),
(4,'2022-09-20 22:36:41','2022-09-20 22:36:41',4,13,7,10,2,0),
(5,'2022-09-20 22:36:41','2022-09-20 22:36:41',5,0,5,7,8,0),
(6,'2022-09-20 22:36:41','2022-09-20 22:36:41',6,0,4,0,0,0),
(7,'2022-09-20 22:36:41','2022-09-20 22:36:41',7,13,6,4,5,0),
(8,'2022-09-20 22:36:41','2022-09-20 22:36:41',8,13,2,3,4,0),
(9,'2022-09-20 22:36:41','2022-09-20 22:36:41',9,7,4,8,1,0),
(10,'2022-09-20 22:36:41','2022-09-20 22:36:41',10,6,8,8,2,0),
(11,'2022-09-20 22:36:41','2022-09-20 22:36:41',11,9,8,9,7,0),
(12,'2022-09-20 22:36:41','2022-09-20 22:36:41',12,1,2,10,6,0),
(13,'2022-09-20 22:36:41','2022-09-20 22:36:41',13,4,8,10,0,0),
(14,'2022-09-20 22:36:41','2022-09-20 22:36:41',14,1,7,13,1,0),
(15,'2022-09-20 22:36:41','2022-09-20 22:36:41',15,5,3,8,6,0),
(16,'2022-09-20 22:36:41','2022-09-20 22:36:41',16,7,9,10,6,0),
(17,'2022-09-20 22:36:41','2022-09-20 22:36:41',17,5,1,3,8,0),
(18,'2022-09-20 22:36:41','2022-09-20 22:36:41',18,6,7,3,1,0),
(19,'2022-09-20 22:36:41','2022-09-20 22:36:41',19,10,6,8,0,0),
(20,'2022-09-20 22:36:41','2022-09-20 22:36:41',20,9,0,4,2,0),
(21,'2022-09-20 22:36:41','2022-09-20 22:36:41',21,3,7,10,2,0),
(22,'2022-09-20 22:36:41','2022-09-20 22:36:41',22,1,9,14,0,0),
(23,'2022-09-20 22:36:41','2022-09-20 22:36:41',23,9,2,0,5,0),
(24,'2022-09-20 22:36:41','2022-09-20 22:36:41',24,8,5,9,5,0),
(25,'2022-09-20 22:36:41','2022-09-20 22:36:41',25,12,7,15,6,0),
(26,'2022-09-20 22:36:41','2022-09-20 22:36:41',26,6,3,0,3,0),
(27,'2022-09-20 22:36:41','2022-09-20 22:36:41',27,9,4,1,2,0),
(28,'2022-09-20 22:36:41','2022-09-20 22:36:41',28,11,4,10,9,0),
(29,'2022-09-20 22:36:41','2022-09-20 22:36:41',29,9,8,12,5,0),
(30,'2022-09-20 22:36:41','2022-09-20 22:36:41',30,5,3,8,7,0),
(31,'2022-09-20 22:36:41','2022-09-20 22:36:41',31,13,6,2,9,0),
(32,'2022-09-20 22:36:41','2022-09-20 22:36:41',32,1,8,10,9,0),
(33,'2022-09-20 22:36:41','2022-09-20 22:36:41',33,12,5,11,1,0),
(34,'2022-09-20 22:36:41','2022-09-20 22:36:41',34,5,8,10,9,0),
(35,'2022-09-20 22:36:41','2022-09-20 22:36:41',35,10,8,10,0,0),
(36,'2022-09-20 22:36:41','2022-09-20 22:36:41',36,4,5,10,6,0),
(37,'2022-09-20 22:36:41','2022-09-20 22:36:41',37,2,0,10,0,0),
(38,'2022-09-20 22:36:41','2022-09-20 22:36:41',38,3,1,13,9,0),
(39,'2022-09-20 22:36:41','2022-09-20 22:36:41',39,4,7,6,1,0),
(40,'2022-09-20 22:36:41','2022-09-20 22:36:41',40,3,8,4,1,0),
(41,'2022-09-20 22:36:41','2022-09-20 22:36:41',41,10,3,6,1,0),
(42,'2022-09-20 22:36:41','2022-09-20 22:36:41',42,6,10,2,9,0),
(43,'2022-09-20 22:36:41','2022-09-20 22:36:41',43,4,9,3,4,0),
(44,'2022-09-20 22:36:41','2022-09-20 22:36:41',44,11,7,0,9,0),
(45,'2022-09-20 22:36:41','2022-09-20 22:36:41',45,7,0,8,6,0),
(46,'2022-09-20 22:36:41','2022-09-20 22:36:41',46,8,1,11,3,0),
(47,'2022-09-20 22:36:41','2022-09-20 22:36:41',47,8,9,7,8,0),
(48,'2022-09-20 22:36:41','2022-09-20 22:36:41',48,13,0,8,5,0),
(49,'2022-09-20 22:36:41','2022-09-20 22:36:41',49,2,1,2,2,0),
(50,'2022-09-20 22:36:41','2022-09-20 22:36:41',50,0,2,3,2,0),
(51,'2022-09-20 22:36:41','2022-09-20 22:36:41',51,10,9,3,4,0),
(52,'2022-09-20 22:36:41','2022-09-20 22:36:41',52,6,10,4,6,0),
(53,'2022-09-20 22:36:41','2022-09-20 22:36:41',53,7,7,13,0,0),
(54,'2022-09-20 22:36:41','2022-09-20 22:36:41',54,9,2,4,6,0),
(55,'2022-09-20 22:36:41','2022-09-20 22:36:41',55,3,3,1,3,0),
(56,'2022-09-20 22:36:41','2022-09-20 22:36:41',56,5,9,1,0,0),
(57,'2022-09-20 22:36:41','2022-09-20 22:36:41',57,11,1,3,6,0),
(58,'2022-09-20 22:36:41','2022-09-20 22:36:41',58,9,3,10,2,0),
(59,'2022-09-20 22:36:41','2022-09-20 22:36:41',59,7,6,9,0,0),
(60,'2022-09-20 22:36:41','2022-09-20 22:36:41',60,9,1,10,9,0),
(61,'2022-09-20 22:36:41','2022-09-20 22:36:41',61,11,3,0,3,0),
(62,'2022-09-20 22:36:41','2022-09-20 22:36:41',62,5,9,6,2,0),
(63,'2022-09-20 22:36:41','2022-09-20 22:36:41',63,0,3,11,6,0),
(64,'2022-09-20 22:36:41','2022-09-20 22:36:41',64,11,2,13,5,0),
(65,'2022-09-20 22:36:41','2022-09-20 22:36:41',65,2,4,3,9,0),
(66,'2022-09-20 22:36:41','2022-09-20 22:36:41',66,4,5,10,7,0),
(67,'2022-09-20 22:36:41','2022-09-20 22:36:41',67,11,10,2,9,0),
(68,'2022-09-20 22:36:41','2022-09-20 22:36:41',68,5,0,2,6,0),
(69,'2022-09-20 22:36:41','2022-09-20 22:36:41',69,7,9,11,9,0),
(70,'2022-09-20 22:36:41','2022-09-20 22:36:41',70,8,2,5,9,0),
(71,'2022-09-20 22:36:41','2022-09-20 22:36:41',71,10,0,13,1,0),
(72,'2022-09-20 22:36:41','2022-09-20 22:36:41',72,2,5,15,4,0),
(73,'2022-09-20 22:36:41','2022-09-20 22:36:41',73,0,0,2,6,0),
(74,'2022-09-20 22:36:41','2022-09-20 22:36:41',74,13,7,6,0,0),
(75,'2022-09-20 22:36:41','2022-09-20 22:36:41',75,13,6,3,3,0),
(76,'2022-09-20 22:36:41','2022-09-20 22:36:41',76,2,7,13,2,0),
(77,'2022-09-20 22:36:41','2022-09-20 22:36:41',77,7,1,13,8,0),
(78,'2022-09-20 22:36:41','2022-09-20 22:36:41',78,13,0,5,6,0),
(79,'2022-09-20 22:36:41','2022-09-20 22:36:41',79,0,2,15,3,0),
(80,'2022-09-20 22:36:41','2022-09-20 22:36:41',80,11,1,4,0,0),
(81,'2022-09-20 22:36:41','2022-09-20 22:36:41',81,2,9,11,0,0),
(82,'2022-09-20 22:36:41','2022-09-20 22:36:41',82,13,9,2,3,0),
(83,'2022-09-20 22:36:41','2022-09-20 22:36:41',83,1,7,3,8,0),
(84,'2022-09-20 22:36:41','2022-09-20 22:36:41',84,11,5,0,6,0),
(85,'2022-09-20 22:36:41','2022-09-20 22:36:41',85,1,6,9,1,0),
(86,'2022-09-20 22:36:41','2022-09-20 22:36:41',86,0,7,3,1,0),
(87,'2022-09-20 22:36:41','2022-09-20 22:36:41',87,3,7,12,8,0),
(88,'2022-09-20 22:36:41','2022-09-20 22:36:41',88,12,8,1,3,0),
(89,'2022-09-20 22:36:41','2022-09-20 22:36:41',89,3,4,2,5,0),
(90,'2022-09-20 22:36:41','2022-09-20 22:36:41',90,7,9,9,3,0),
(91,'2022-09-20 22:36:41','2022-09-20 22:36:41',91,3,0,4,4,0),
(92,'2022-09-20 22:36:41','2022-09-20 22:36:41',92,7,1,3,5,0),
(93,'2022-09-20 22:36:41','2022-09-20 22:36:41',93,1,0,13,0,0),
(94,'2022-09-20 22:36:41','2022-09-20 22:36:41',94,12,2,9,2,0),
(95,'2022-09-20 22:36:41','2022-09-20 22:36:41',95,8,1,13,8,0),
(96,'2022-09-20 22:36:41','2022-09-20 22:36:41',96,11,4,12,4,0),
(97,'2022-09-20 22:36:41','2022-09-20 22:36:41',97,0,9,1,8,0),
(98,'2022-09-20 22:36:41','2022-09-20 22:36:41',98,2,3,13,3,0),
(99,'2022-09-20 22:36:41','2022-09-20 22:36:41',99,5,9,2,0,0),
(100,'2022-09-20 22:36:41','2022-09-20 22:36:41',100,10,7,15,0,0),
(101,'2022-09-20 22:36:41','2022-09-20 22:36:41',101,2,7,14,4,0),
(102,'2022-09-20 22:36:41','2022-09-20 22:36:41',102,5,7,4,4,0),
(103,'2022-09-20 22:36:41','2022-09-20 22:36:41',103,6,8,11,2,0),
(104,'2022-09-20 22:36:41','2022-09-20 22:36:41',104,12,8,4,9,0),
(105,'2022-09-20 22:36:41','2022-09-20 22:36:41',105,0,2,14,0,0),
(106,'2022-09-20 22:36:41','2022-09-20 22:36:41',106,4,4,3,7,0),
(107,'2022-09-20 22:36:41','2022-09-20 22:36:41',107,13,8,0,8,0),
(108,'2022-09-20 22:36:41','2022-09-20 22:36:41',108,1,9,2,0,0),
(109,'2022-09-20 22:36:41','2022-09-20 22:36:41',109,9,3,8,7,0),
(110,'2022-09-20 22:36:41','2022-09-20 22:36:41',110,13,8,12,7,0),
(111,'2022-09-20 22:36:41','2022-09-20 22:36:41',111,4,3,10,4,0),
(112,'2022-09-20 22:36:41','2022-09-20 22:36:41',112,1,1,6,5,0),
(113,'2022-09-20 22:36:41','2022-09-20 22:36:41',113,7,0,8,6,0),
(114,'2022-09-20 22:36:41','2022-09-20 22:36:41',114,10,7,2,6,0),
(115,'2022-09-20 22:36:41','2022-09-20 22:36:41',115,11,3,14,7,0),
(116,'2022-09-20 22:36:41','2022-09-20 22:36:41',116,0,9,2,2,0),
(117,'2022-09-20 22:36:41','2022-09-20 22:36:41',117,11,3,2,7,0),
(118,'2022-09-20 22:36:41','2022-09-20 22:36:41',118,4,4,2,5,0),
(119,'2022-09-20 22:36:41','2022-09-20 22:36:41',119,1,10,10,1,0),
(120,'2022-09-20 22:36:41','2022-09-20 22:36:41',120,13,2,5,8,0),
(121,'2022-09-20 22:36:41','2022-09-20 22:36:41',121,5,5,5,0,0),
(122,'2022-09-20 22:36:41','2022-09-20 22:36:41',122,1,4,13,0,0),
(123,'2022-09-20 22:36:41','2022-09-20 22:36:41',123,7,5,15,3,0),
(124,'2022-09-20 22:36:41','2022-09-20 22:36:41',124,10,9,1,7,0),
(125,'2022-09-20 22:36:41','2022-09-20 22:36:41',125,5,8,11,3,0),
(126,'2022-09-20 22:36:41','2022-09-20 22:36:41',126,8,8,4,0,0),
(127,'2022-09-20 22:36:41','2022-09-20 22:36:41',127,6,0,0,0,0),
(128,'2022-09-20 22:36:41','2022-09-20 22:36:41',128,12,3,15,8,0),
(129,'2022-09-20 22:36:41','2022-09-20 22:36:41',129,3,8,2,5,0),
(130,'2022-09-20 22:36:41','2022-09-20 22:36:41',130,2,2,8,1,0),
(131,'2022-09-20 22:36:41','2022-09-20 22:36:41',131,12,1,13,9,0),
(132,'2022-09-20 22:36:41','2022-09-20 22:36:41',132,4,8,10,0,0),
(133,'2022-09-20 22:36:41','2022-09-20 22:36:41',133,3,1,13,7,0),
(134,'2022-09-20 22:36:41','2022-09-20 22:36:41',134,6,0,10,1,0),
(135,'2022-09-20 22:36:41','2022-09-20 22:36:41',135,8,8,2,3,0),
(136,'2022-09-20 22:36:41','2022-09-20 22:36:41',136,2,10,3,1,0),
(137,'2022-09-20 22:36:41','2022-09-20 22:36:41',137,3,8,0,8,0),
(138,'2022-09-20 22:36:41','2022-09-20 22:36:41',138,2,2,12,0,0),
(139,'2022-09-20 22:36:41','2022-09-20 22:36:41',139,12,5,11,2,0),
(140,'2022-09-20 22:36:41','2022-09-20 22:36:41',140,11,4,13,7,0),
(141,'2022-09-20 22:36:41','2022-09-20 22:36:41',141,3,0,6,9,0),
(142,'2022-09-20 22:36:41','2022-09-20 22:36:41',142,8,2,6,3,0),
(143,'2022-09-20 22:36:41','2022-09-20 22:36:41',143,7,5,12,5,0),
(144,'2022-09-20 22:36:41','2022-09-20 22:36:41',144,4,10,15,8,0),
(145,'2022-09-20 22:36:41','2022-09-20 22:36:41',145,2,6,2,1,0),
(146,'2022-09-20 22:36:41','2022-09-20 22:36:41',146,1,3,2,9,0),
(147,'2022-09-20 22:36:41','2022-09-20 22:36:41',147,3,2,10,4,0),
(148,'2022-09-20 22:36:41','2022-09-20 22:36:41',148,5,5,6,6,0),
(149,'2022-09-20 22:36:41','2022-09-20 22:36:41',149,11,1,7,7,0),
(150,'2022-09-20 22:36:41','2022-09-20 22:36:41',150,4,4,0,0,0),
(151,'2022-09-20 22:36:41','2022-09-20 22:36:41',151,1,4,9,7,0),
(152,'2022-09-20 22:36:41','2022-09-20 22:36:41',152,1,1,6,7,0),
(153,'2022-09-20 22:36:41','2022-09-20 22:36:41',153,6,1,5,2,0),
(154,'2022-09-20 22:36:41','2022-09-20 22:36:41',154,0,5,6,6,0),
(155,'2022-09-20 22:36:41','2022-09-20 22:36:41',155,11,3,14,7,0),
(156,'2022-09-20 22:36:41','2022-09-20 22:36:41',156,1,1,8,2,0),
(157,'2022-09-20 22:36:41','2022-09-20 22:36:41',157,7,10,2,8,0),
(158,'2022-09-20 22:36:41','2022-09-20 22:36:41',158,13,0,6,0,0),
(159,'2022-09-20 22:36:41','2022-09-20 22:36:41',159,12,3,1,3,0),
(160,'2022-09-20 22:36:41','2022-09-20 22:36:41',160,8,0,3,9,0),
(161,'2022-09-20 22:36:41','2022-09-20 22:36:41',161,0,3,10,2,0),
(162,'2022-09-20 22:36:41','2022-09-20 22:36:41',162,3,4,5,3,0),
(163,'2022-09-20 22:36:41','2022-09-20 22:36:41',163,0,0,15,6,0),
(164,'2022-09-20 22:36:41','2022-09-20 22:36:41',164,7,5,1,0,0),
(165,'2022-09-20 22:36:41','2022-09-20 22:36:41',165,9,5,6,6,0),
(166,'2022-09-20 22:36:41','2022-09-20 22:36:41',166,11,3,2,8,0),
(167,'2022-09-20 22:36:41','2022-09-20 22:36:41',167,8,7,5,7,0),
(168,'2022-09-20 22:36:41','2022-09-20 22:36:41',168,12,2,8,8,0),
(169,'2022-09-20 22:36:41','2022-09-20 22:36:41',169,10,1,8,0,0),
(170,'2022-09-20 22:36:41','2022-09-20 22:36:41',170,12,1,15,4,0),
(171,'2022-09-20 22:36:41','2022-09-20 22:36:41',171,7,1,3,6,0),
(172,'2022-09-20 22:36:41','2022-09-20 22:36:41',172,8,0,7,1,0),
(173,'2022-09-20 22:36:41','2022-09-20 22:36:41',173,3,10,2,7,0),
(174,'2022-09-20 22:36:41','2022-09-20 22:36:41',174,5,8,6,9,0),
(175,'2022-09-20 22:36:41','2022-09-20 22:36:41',175,4,8,13,0,0),
(176,'2022-09-20 22:36:41','2022-09-20 22:36:41',176,8,0,5,5,0),
(177,'2022-09-20 22:36:41','2022-09-20 22:36:41',177,11,5,13,7,0),
(178,'2022-09-20 22:36:41','2022-09-20 22:36:41',178,3,10,2,8,0),
(179,'2022-09-20 22:36:41','2022-09-20 22:36:41',179,8,7,11,4,0),
(180,'2022-09-20 22:36:41','2022-09-20 22:36:41',180,13,7,7,3,0),
(181,'2022-09-20 22:36:41','2022-09-20 22:36:41',181,3,1,15,3,0),
(182,'2022-09-20 22:36:41','2022-09-20 22:36:41',182,11,2,12,0,0),
(183,'2022-09-20 22:36:41','2022-09-20 22:36:41',183,12,2,9,1,0),
(184,'2022-09-20 22:36:41','2022-09-20 22:36:41',184,1,9,4,8,0),
(185,'2022-09-20 22:36:41','2022-09-20 22:36:41',185,1,0,1,3,0),
(186,'2022-09-20 22:36:41','2022-09-20 22:36:41',186,3,4,4,1,0),
(187,'2022-09-20 22:36:41','2022-09-20 22:36:41',187,0,6,15,9,0),
(188,'2022-09-20 22:36:41','2022-09-20 22:36:41',188,10,1,3,7,0),
(189,'2022-09-20 22:36:41','2022-09-20 22:36:41',189,12,5,9,4,0),
(190,'2022-09-20 22:36:41','2022-09-20 22:36:41',190,8,7,9,8,0),
(191,'2022-09-20 22:36:41','2022-09-20 22:36:41',191,9,8,11,4,0),
(192,'2022-09-20 22:36:41','2022-09-20 22:36:41',192,13,4,2,5,0),
(193,'2022-09-20 22:36:41','2022-09-20 22:36:41',193,4,0,1,4,0),
(194,'2022-09-20 22:36:41','2022-09-20 22:36:41',194,0,8,9,8,0),
(195,'2022-09-20 22:36:41','2022-09-20 22:36:41',195,6,8,4,2,0),
(196,'2022-09-20 22:36:41','2022-09-20 22:36:41',196,2,2,7,8,0),
(197,'2022-09-20 22:36:41','2022-09-20 22:36:41',197,8,7,7,4,0),
(198,'2022-09-20 22:36:41','2022-09-20 22:36:41',198,8,8,15,5,0),
(199,'2022-09-20 22:36:41','2022-09-20 22:36:41',199,11,6,6,1,0),
(200,'2022-09-20 22:36:41','2022-09-20 22:36:41',200,9,9,4,7,0),
(201,'2022-09-20 22:36:41','2022-09-20 22:36:41',201,2,3,5,6,0),
(202,'2022-09-20 22:36:41','2022-09-20 22:36:41',202,5,0,13,2,0),
(203,'2022-09-20 22:36:41','2022-09-20 22:36:41',203,10,10,10,3,0),
(204,'2022-09-20 22:36:41','2022-09-20 22:36:41',204,10,6,11,8,0),
(205,'2022-09-20 22:36:41','2022-09-20 22:36:41',205,1,0,13,1,0),
(206,'2022-09-20 22:36:41','2022-09-20 22:36:41',206,3,8,3,6,0),
(207,'2022-09-20 22:36:41','2022-09-20 22:36:41',207,11,10,7,5,0),
(208,'2022-09-20 22:36:41','2022-09-20 22:36:41',208,0,7,1,6,0),
(209,'2022-09-20 22:36:41','2022-09-20 22:36:41',209,12,6,5,7,0),
(210,'2022-09-20 22:36:41','2022-09-20 22:36:41',210,11,8,7,9,0),
(211,'2022-09-20 22:36:41','2022-09-20 22:36:41',211,8,10,1,5,0),
(212,'2022-09-20 22:36:42','2022-09-20 22:36:42',212,5,4,13,0,0),
(213,'2022-09-20 22:36:42','2022-09-20 22:36:42',213,10,6,11,7,0),
(214,'2022-09-20 22:36:42','2022-09-20 22:36:42',214,5,10,9,0,0),
(215,'2022-09-20 22:36:42','2022-09-20 22:36:42',215,6,1,4,0,0),
(216,'2022-09-20 22:36:42','2022-09-20 22:36:42',216,6,0,0,8,0),
(217,'2022-09-20 22:36:42','2022-09-20 22:36:42',217,3,7,9,0,0),
(218,'2022-09-20 22:36:42','2022-09-20 22:36:42',218,7,6,2,0,0),
(219,'2022-09-20 22:36:42','2022-09-20 22:36:42',219,9,4,14,2,0),
(220,'2022-09-20 22:36:42','2022-09-20 22:36:42',220,6,7,13,3,0),
(221,'2022-09-20 22:36:42','2022-09-20 22:36:42',221,1,6,8,9,0),
(222,'2022-09-20 22:36:42','2022-09-20 22:36:42',222,13,2,0,5,0),
(223,'2022-09-20 22:36:42','2022-09-20 22:36:42',223,7,1,0,8,0),
(224,'2022-09-20 22:36:42','2022-09-20 22:36:42',224,0,7,1,6,0),
(225,'2022-09-20 22:36:42','2022-09-20 22:36:42',225,0,2,15,2,0),
(226,'2022-09-20 22:36:42','2022-09-20 22:36:42',226,2,1,4,9,0),
(227,'2022-09-20 22:36:42','2022-09-20 22:36:42',227,10,1,3,8,0),
(228,'2022-09-20 22:36:42','2022-09-20 22:36:42',228,5,5,4,8,0),
(229,'2022-09-20 22:36:42','2022-09-20 22:36:42',229,7,1,0,6,0),
(230,'2022-09-20 22:36:42','2022-09-20 22:36:42',230,4,6,14,9,0),
(231,'2022-09-20 22:36:42','2022-09-20 22:36:42',231,10,0,12,9,0),
(232,'2022-09-20 22:36:42','2022-09-20 22:36:42',232,5,0,3,8,0),
(233,'2022-09-20 22:36:42','2022-09-20 22:36:42',233,11,3,3,1,0),
(234,'2022-09-20 22:36:42','2022-09-20 22:36:42',234,12,1,0,7,0),
(235,'2022-09-20 22:36:42','2022-09-20 22:36:42',235,7,5,0,5,0),
(236,'2022-09-20 22:36:42','2022-09-20 22:36:42',236,9,7,9,7,0),
(237,'2022-09-20 22:36:42','2022-09-20 22:36:42',237,11,9,15,2,0),
(238,'2022-09-20 22:36:42','2022-09-20 22:36:42',238,6,4,11,4,0),
(239,'2022-09-20 22:36:42','2022-09-20 22:36:42',239,13,4,5,4,0),
(240,'2022-09-20 22:36:42','2022-09-20 22:36:42',240,0,10,11,6,0),
(241,'2022-09-20 22:36:42','2022-09-20 22:36:42',241,0,2,14,8,0),
(242,'2022-09-20 22:36:42','2022-09-20 22:36:42',242,8,4,2,7,0),
(243,'2022-09-20 22:36:42','2022-09-20 22:36:42',243,2,6,7,4,0),
(244,'2022-09-20 22:36:42','2022-09-20 22:36:42',244,0,9,0,6,0),
(245,'2022-09-20 22:36:42','2022-09-20 22:36:42',245,4,5,11,9,0),
(246,'2022-09-20 22:36:42','2022-09-20 22:36:42',246,6,5,0,8,0),
(247,'2022-09-20 22:36:42','2022-09-20 22:36:42',247,1,10,5,0,0),
(248,'2022-09-20 22:36:42','2022-09-20 22:36:42',248,0,0,3,0,0),
(249,'2022-09-20 22:36:42','2022-09-20 22:36:42',249,4,8,9,6,0),
(250,'2022-09-20 22:36:42','2022-09-20 22:36:42',250,10,7,2,7,0),
(251,'2022-09-20 22:36:42','2022-09-20 22:36:42',251,3,0,6,8,0),
(252,'2022-09-20 22:36:42','2022-09-20 22:36:42',252,12,1,13,7,0),
(253,'2022-09-20 22:36:42','2022-09-20 22:36:42',253,6,10,7,2,0),
(254,'2022-09-20 22:36:42','2022-09-20 22:36:42',254,2,10,3,2,0),
(255,'2022-09-20 22:36:42','2022-09-20 22:36:42',255,10,8,13,8,0),
(256,'2022-09-20 22:36:42','2022-09-20 22:36:42',256,11,5,2,1,0),
(257,'2022-09-20 22:36:42','2022-09-20 22:36:42',257,3,8,2,5,0),
(258,'2022-09-20 22:36:42','2022-09-20 22:36:42',258,1,9,15,2,0),
(259,'2022-09-20 22:36:42','2022-09-20 22:36:42',259,6,6,9,1,0),
(260,'2022-09-20 22:36:42','2022-09-20 22:36:42',260,1,10,7,5,0),
(261,'2022-09-20 22:36:42','2022-09-20 22:36:42',261,3,5,13,7,0),
(262,'2022-09-20 22:36:42','2022-09-20 22:36:42',262,3,10,13,4,0),
(263,'2022-09-20 22:36:42','2022-09-20 22:36:42',263,10,5,4,9,0),
(264,'2022-09-20 22:36:42','2022-09-20 22:36:42',264,10,10,6,2,0),
(265,'2022-09-20 22:36:42','2022-09-20 22:36:42',265,13,0,3,1,0),
(266,'2022-09-20 22:36:42','2022-09-20 22:36:42',266,13,3,13,2,0),
(267,'2022-09-20 22:36:42','2022-09-20 22:36:42',267,7,0,8,4,0),
(268,'2022-09-20 22:36:42','2022-09-20 22:36:42',268,12,9,11,1,0),
(269,'2022-09-20 22:36:42','2022-09-20 22:36:42',269,6,0,8,6,0),
(270,'2022-09-20 22:36:42','2022-09-20 22:36:42',270,12,2,10,6,0),
(271,'2022-09-20 22:36:42','2022-09-20 22:36:42',271,0,4,12,6,0),
(272,'2022-09-20 22:36:42','2022-09-20 22:36:42',272,1,5,2,2,0),
(273,'2022-09-20 22:36:42','2022-09-20 22:36:42',273,11,2,14,7,0),
(274,'2022-09-20 22:36:42','2022-09-20 22:36:42',274,1,2,15,0,0),
(275,'2022-09-20 22:36:42','2022-09-20 22:36:42',275,6,0,15,6,0),
(276,'2022-09-20 22:36:42','2022-09-20 22:36:42',276,7,5,15,3,0),
(277,'2022-09-20 22:36:42','2022-09-20 22:36:42',277,13,5,14,8,0),
(278,'2022-09-20 22:36:42','2022-09-20 22:36:42',278,6,10,6,0,0),
(279,'2022-09-20 22:36:42','2022-09-20 22:36:42',279,3,10,3,0,0),
(280,'2022-09-20 22:36:42','2022-09-20 22:36:42',280,8,0,5,5,0),
(281,'2022-09-20 22:36:42','2022-09-20 22:36:42',281,7,1,15,5,0),
(282,'2022-09-20 22:36:42','2022-09-20 22:36:42',282,9,9,7,5,0),
(283,'2022-09-20 22:36:42','2022-09-20 22:36:42',283,3,8,15,6,0),
(284,'2022-09-20 22:36:42','2022-09-20 22:36:42',284,6,1,4,9,0),
(285,'2022-09-20 22:36:42','2022-09-20 22:36:42',285,13,0,7,1,0),
(286,'2022-09-20 22:36:42','2022-09-20 22:36:42',286,3,9,7,9,0),
(287,'2022-09-20 22:36:42','2022-09-20 22:36:42',287,2,0,11,3,0),
(288,'2022-09-20 22:36:42','2022-09-20 22:36:42',288,9,4,15,7,0),
(289,'2022-09-20 22:36:42','2022-09-20 22:36:42',289,8,9,7,8,0),
(290,'2022-09-20 22:36:42','2022-09-20 22:36:42',290,11,6,6,2,0),
(291,'2022-09-20 22:36:42','2022-09-20 22:36:42',291,2,1,15,5,0),
(292,'2022-09-20 22:36:42','2022-09-20 22:36:42',292,12,9,6,4,0),
(293,'2022-09-20 22:36:42','2022-09-20 22:36:42',293,1,1,6,6,0),
(294,'2022-09-20 22:36:42','2022-09-20 22:36:42',294,1,6,8,9,0),
(295,'2022-09-20 22:36:42','2022-09-20 22:36:42',295,0,4,12,7,0),
(296,'2022-09-20 22:36:42','2022-09-20 22:36:42',296,7,3,15,7,0),
(297,'2022-09-20 22:36:42','2022-09-20 22:36:42',297,2,5,12,5,0),
(298,'2022-09-20 22:36:42','2022-09-20 22:36:42',298,4,9,9,2,0),
(299,'2022-09-20 22:36:42','2022-09-20 22:36:42',299,9,5,8,1,0),
(300,'2022-09-20 22:36:42','2022-09-20 22:36:42',300,2,4,5,5,0),
(301,'2022-09-20 22:36:42','2022-09-20 22:36:42',301,12,8,3,5,0),
(302,'2022-09-20 22:36:42','2022-09-20 22:36:42',302,5,2,1,7,0),
(303,'2022-09-20 22:36:42','2022-09-20 22:36:42',303,4,5,5,4,0),
(304,'2022-09-20 23:07:51','2022-09-20 23:10:44',304,2,3,4,0,0),
(305,'2022-09-20 23:15:58','2022-09-20 23:15:58',305,0,0,0,0,0),
(306,'2022-09-20 23:26:23','2022-09-20 23:26:23',306,8,4,0,0,0);

/*Table structure for table `ingredient` */

DROP TABLE IF EXISTS `ingredient`;

CREATE TABLE `ingredient` (
  `id` int(10) unsigned NOT NULL AUTO_INCREMENT,
  `regDate` datetime NOT NULL,
  `updateDate` datetime NOT NULL,
  `recipeId` int(10) unsigned NOT NULL DEFAULT 0,
  `rowArr` varchar(50) NOT NULL DEFAULT '',
  `rowValueArr` varchar(50) NOT NULL DEFAULT '',
  `sauceArr` varchar(50) NOT NULL DEFAULT '',
  `sauceValueArr` varchar(50) NOT NULL DEFAULT '',
  PRIMARY KEY (`id`)
) ENGINE=InnoDB AUTO_INCREMENT=307 DEFAULT CHARSET=utf8mb4;

/*Data for the table `ingredient` */

insert  into `ingredient`(`id`,`regDate`,`updateDate`,`recipeId`,`rowArr`,`rowValueArr`,`sauceArr`,`sauceValueArr`) values 
(1,'2022-09-20 22:36:22','2022-09-20 22:36:22',1,'감자,당근,양파','3개,1/3개,1/2개','굴소스(선택),소금,후추','1T,약간,약간'),
(2,'2022-09-20 22:36:22','2022-09-20 22:36:22',2,'갈비대,밤,표고버섯','2kg,1컵,4개','간배,간양파,간장,물,설탕,참기름,다진마늘,대파','1/2개,1/2개,3/4컵,1컵,1/2컵,1/2컵,3큰술,1개'),
(3,'2022-09-20 22:36:22','2022-09-20 22:36:22',3,'파스타면,마늘,베이컨 또는 새우,양파','500원크기,4개,1줌,1/3개','토마토소스,생크림,치즈','120ml,170ml,1장'),
(4,'2022-09-20 22:36:45','2022-09-20 22:36:45',4,'버섯류','1개','양념 B','1T'),
(5,'2022-09-20 22:36:45','2022-09-20 22:36:45',5,'건어물류','1개','양념 B','1T'),
(6,'2022-09-20 22:36:45','2022-09-20 22:36:45',6,'재료 A','1개','양념 B','1T'),
(7,'2022-09-20 22:36:45','2022-09-20 22:36:45',7,'생선류','1개','양념 B','1T'),
(8,'2022-09-20 22:36:45','2022-09-20 22:36:45',8,'닭고기','1개','양념 B','1T'),
(9,'2022-09-20 22:36:45','2022-09-20 22:36:45',9,'과일류','1개','양념 B','1T'),
(10,'2022-09-20 22:36:45','2022-09-20 22:36:45',10,'과일류','1개','양념 B','1T'),
(11,'2022-09-20 22:36:45','2022-09-20 22:36:45',11,'채소류','1개','양념 B','1T'),
(12,'2022-09-20 22:36:45','2022-09-20 22:36:45',12,'버섯류','1개','양념 B','1T'),
(13,'2022-09-20 22:36:45','2022-09-20 22:36:45',13,'버섯류','1개','양념 B','1T'),
(14,'2022-09-20 22:36:45','2022-09-20 22:36:45',14,'달걀/유제품','1개','양념 B','1T'),
(15,'2022-09-20 22:36:45','2022-09-20 22:36:45',15,'과일류','1개','양념 B','1T'),
(16,'2022-09-20 22:36:45','2022-09-20 22:36:45',16,'버섯류','1개','양념 B','1T'),
(17,'2022-09-20 22:36:45','2022-09-20 22:36:45',17,'닭고기','1개','양념 B','1T'),
(18,'2022-09-20 22:36:45','2022-09-20 22:36:45',18,'닭고기','1개','양념 B','1T'),
(19,'2022-09-20 22:36:45','2022-09-20 22:36:45',19,'과일류','1개','양념 B','1T'),
(20,'2022-09-20 22:36:45','2022-09-20 22:36:45',20,'생선류','1개','양념 B','1T'),
(21,'2022-09-20 22:36:45','2022-09-20 22:36:45',21,'버섯류','1개','양념 B','1T'),
(22,'2022-09-20 22:36:45','2022-09-20 22:36:45',22,'구황작물','1개','양념 B','1T'),
(23,'2022-09-20 22:36:45','2022-09-20 22:36:45',23,'재료 A','1개','양념 B','1T'),
(24,'2022-09-20 22:36:45','2022-09-20 22:36:45',24,'채소류','1개','양념 B','1T'),
(25,'2022-09-20 22:36:45','2022-09-20 22:36:45',25,'가공식품','1개','양념 B','1T'),
(26,'2022-09-20 22:36:45','2022-09-20 22:36:45',26,'재료 A','1개','양념 B','1T'),
(27,'2022-09-20 22:36:45','2022-09-20 22:36:45',27,'소고기','1개','양념 B','1T'),
(28,'2022-09-20 22:36:45','2022-09-20 22:36:45',28,'버섯류','1개','양념 B','1T'),
(29,'2022-09-20 22:36:45','2022-09-20 22:36:45',29,'쌀/밀','1개','양념 B','1T'),
(30,'2022-09-20 22:36:45','2022-09-20 22:36:45',30,'과일류','1개','양념 B','1T'),
(31,'2022-09-20 22:36:45','2022-09-20 22:36:45',31,'돼지고기','1개','양념 B','1T'),
(32,'2022-09-20 22:36:45','2022-09-20 22:36:45',32,'버섯류','1개','양념 B','1T'),
(33,'2022-09-20 22:36:45','2022-09-20 22:36:45',33,'견과류/곡류','1개','양념 B','1T'),
(34,'2022-09-20 22:36:45','2022-09-20 22:36:45',34,'버섯류','1개','양념 B','1T'),
(35,'2022-09-20 22:36:45','2022-09-20 22:36:45',35,'버섯류','1개','양념 B','1T'),
(36,'2022-09-20 22:36:45','2022-09-20 22:36:45',36,'버섯류','1개','양념 B','1T'),
(37,'2022-09-20 22:36:45','2022-09-20 22:36:45',37,'버섯류','1개','양념 B','1T'),
(38,'2022-09-20 22:36:45','2022-09-20 22:36:45',38,'달걀/유제품','1개','양념 B','1T'),
(39,'2022-09-20 22:36:45','2022-09-20 22:36:45',39,'해조류','1개','양념 B','1T'),
(40,'2022-09-20 22:36:45','2022-09-20 22:36:45',40,'생선류','1개','양념 B','1T'),
(41,'2022-09-20 22:36:45','2022-09-20 22:36:45',41,'해조류','1개','양념 B','1T'),
(42,'2022-09-20 22:36:45','2022-09-20 22:36:45',42,'돼지고기','1개','양념 B','1T'),
(43,'2022-09-20 22:36:45','2022-09-20 22:36:45',43,'닭고기','1개','양념 B','1T'),
(44,'2022-09-20 22:36:45','2022-09-20 22:36:45',44,'재료 A','1개','양념 B','1T'),
(45,'2022-09-20 22:36:45','2022-09-20 22:36:45',45,'과일류','1개','양념 B','1T'),
(46,'2022-09-20 22:36:45','2022-09-20 22:36:45',46,'견과류/곡류','1개','양념 B','1T'),
(47,'2022-09-20 22:36:45','2022-09-20 22:36:45',47,'건어물류','1개','양념 B','1T'),
(48,'2022-09-20 22:36:45','2022-09-20 22:36:45',48,'과일류','1개','양념 B','1T'),
(49,'2022-09-20 22:36:45','2022-09-20 22:36:45',49,'돼지고기','1개','양념 B','1T'),
(50,'2022-09-20 22:36:45','2022-09-20 22:36:45',50,'닭고기','1개','양념 B','1T'),
(51,'2022-09-20 22:36:45','2022-09-20 22:36:45',51,'닭고기','1개','양념 B','1T'),
(52,'2022-09-20 22:36:45','2022-09-20 22:36:45',52,'생선류','1개','양념 B','1T'),
(53,'2022-09-20 22:36:45','2022-09-20 22:36:45',53,'달걀/유제품','1개','양념 B','1T'),
(54,'2022-09-20 22:36:45','2022-09-20 22:36:45',54,'생선류','1개','양념 B','1T'),
(55,'2022-09-20 22:36:45','2022-09-20 22:36:45',55,'소고기','1개','양념 B','1T'),
(56,'2022-09-20 22:36:45','2022-09-20 22:36:45',56,'소고기','1개','양념 B','1T'),
(57,'2022-09-20 22:36:45','2022-09-20 22:36:45',57,'닭고기','1개','양념 B','1T'),
(58,'2022-09-20 22:36:45','2022-09-20 22:36:45',58,'버섯류','1개','양념 B','1T'),
(59,'2022-09-20 22:36:45','2022-09-20 22:36:45',59,'채소류','1개','양념 B','1T'),
(60,'2022-09-20 22:36:45','2022-09-20 22:36:45',60,'버섯류','1개','양념 B','1T'),
(61,'2022-09-20 22:36:45','2022-09-20 22:36:45',61,'재료 A','1개','양념 B','1T'),
(62,'2022-09-20 22:36:45','2022-09-20 22:36:45',62,'해조류','1개','양념 B','1T'),
(63,'2022-09-20 22:36:45','2022-09-20 22:36:45',63,'견과류/곡류','1개','양념 B','1T'),
(64,'2022-09-20 22:36:45','2022-09-20 22:36:45',64,'달걀/유제품','1개','양념 B','1T'),
(65,'2022-09-20 22:36:45','2022-09-20 22:36:45',65,'닭고기','1개','양념 B','1T'),
(66,'2022-09-20 22:36:45','2022-09-20 22:36:45',66,'버섯류','1개','양념 B','1T'),
(67,'2022-09-20 22:36:45','2022-09-20 22:36:45',67,'돼지고기','1개','양념 B','1T'),
(68,'2022-09-20 22:36:45','2022-09-20 22:36:45',68,'돼지고기','1개','양념 B','1T'),
(69,'2022-09-20 22:36:45','2022-09-20 22:36:45',69,'견과류/곡류','1개','양념 B','1T'),
(70,'2022-09-20 22:36:45','2022-09-20 22:36:45',70,'갑각류','1개','양념 B','1T'),
(71,'2022-09-20 22:36:45','2022-09-20 22:36:45',71,'달걀/유제품','1개','양념 B','1T'),
(72,'2022-09-20 22:36:45','2022-09-20 22:36:45',72,'가공식품','1개','양념 B','1T'),
(73,'2022-09-20 22:36:45','2022-09-20 22:36:45',73,'돼지고기','1개','양념 B','1T'),
(74,'2022-09-20 22:36:45','2022-09-20 22:36:45',74,'해조류','1개','양념 B','1T'),
(75,'2022-09-20 22:36:45','2022-09-20 22:36:45',75,'닭고기','1개','양념 B','1T'),
(76,'2022-09-20 22:36:45','2022-09-20 22:36:45',76,'달걀/유제품','1개','양념 B','1T'),
(77,'2022-09-20 22:36:45','2022-09-20 22:36:45',77,'달걀/유제품','1개','양념 B','1T'),
(78,'2022-09-20 22:36:45','2022-09-20 22:36:45',78,'갑각류','1개','양념 B','1T'),
(79,'2022-09-20 22:36:45','2022-09-20 22:36:45',79,'가공식품','1개','양념 B','1T'),
(80,'2022-09-20 22:36:45','2022-09-20 22:36:45',80,'생선류','1개','양념 B','1T'),
(81,'2022-09-20 22:36:45','2022-09-20 22:36:45',81,'견과류/곡류','1개','양념 B','1T'),
(82,'2022-09-20 22:36:45','2022-09-20 22:36:45',82,'돼지고기','1개','양념 B','1T'),
(83,'2022-09-20 22:36:45','2022-09-20 22:36:45',83,'닭고기','1개','양념 B','1T'),
(84,'2022-09-20 22:36:45','2022-09-20 22:36:45',84,'재료 A','1개','양념 B','1T'),
(85,'2022-09-20 22:36:45','2022-09-20 22:36:45',85,'채소류','1개','양념 B','1T'),
(86,'2022-09-20 22:36:45','2022-09-20 22:36:45',86,'닭고기','1개','양념 B','1T'),
(87,'2022-09-20 22:36:45','2022-09-20 22:36:45',87,'쌀/밀','1개','양념 B','1T'),
(88,'2022-09-20 22:36:45','2022-09-20 22:36:45',88,'소고기','1개','양념 B','1T'),
(89,'2022-09-20 22:36:45','2022-09-20 22:36:45',89,'돼지고기','1개','양념 B','1T'),
(90,'2022-09-20 22:36:45','2022-09-20 22:36:45',90,'채소류','1개','양념 B','1T'),
(91,'2022-09-20 22:36:45','2022-09-20 22:36:45',91,'생선류','1개','양념 B','1T'),
(92,'2022-09-20 22:36:45','2022-09-20 22:36:45',92,'닭고기','1개','양념 B','1T'),
(93,'2022-09-20 22:36:45','2022-09-20 22:36:45',93,'달걀/유제품','1개','양념 B','1T'),
(94,'2022-09-20 22:36:45','2022-09-20 22:36:45',94,'채소류','1개','양념 B','1T'),
(95,'2022-09-20 22:36:45','2022-09-20 22:36:45',95,'달걀/유제품','1개','양념 B','1T'),
(96,'2022-09-20 22:36:45','2022-09-20 22:36:45',96,'쌀/밀','1개','양념 B','1T'),
(97,'2022-09-20 22:36:45','2022-09-20 22:36:45',97,'소고기','1개','양념 B','1T'),
(98,'2022-09-20 22:36:45','2022-09-20 22:36:45',98,'달걀/유제품','1개','양념 B','1T'),
(99,'2022-09-20 22:36:45','2022-09-20 22:36:45',99,'돼지고기','1개','양념 B','1T'),
(100,'2022-09-20 22:36:45','2022-09-20 22:36:45',100,'가공식품','1개','양념 B','1T'),
(101,'2022-09-20 22:36:45','2022-09-20 22:36:45',101,'구황작물','1개','양념 B','1T'),
(102,'2022-09-20 22:36:45','2022-09-20 22:36:45',102,'생선류','1개','양념 B','1T'),
(103,'2022-09-20 22:36:45','2022-09-20 22:36:45',103,'견과류/곡류','1개','양념 B','1T'),
(104,'2022-09-20 22:36:45','2022-09-20 22:36:45',104,'생선류','1개','양념 B','1T'),
(105,'2022-09-20 22:36:45','2022-09-20 22:36:45',105,'구황작물','1개','양념 B','1T'),
(106,'2022-09-20 22:36:45','2022-09-20 22:36:45',106,'닭고기','1개','양념 B','1T'),
(107,'2022-09-20 22:36:45','2022-09-20 22:36:45',107,'재료 A','1개','양념 B','1T'),
(108,'2022-09-20 22:36:45','2022-09-20 22:36:45',108,'돼지고기','1개','양념 B','1T'),
(109,'2022-09-20 22:36:45','2022-09-20 22:36:45',109,'과일류','1개','양념 B','1T'),
(110,'2022-09-20 22:36:45','2022-09-20 22:36:45',110,'쌀/밀','1개','양념 B','1T'),
(111,'2022-09-20 22:36:45','2022-09-20 22:36:45',111,'버섯류','1개','양념 B','1T'),
(112,'2022-09-20 22:36:45','2022-09-20 22:36:45',112,'해조류','1개','양념 B','1T'),
(113,'2022-09-20 22:36:45','2022-09-20 22:36:45',113,'과일류','1개','양념 B','1T'),
(114,'2022-09-20 22:36:45','2022-09-20 22:36:45',114,'돼지고기','1개','양념 B','1T'),
(115,'2022-09-20 22:36:45','2022-09-20 22:36:45',115,'구황작물','1개','양념 B','1T'),
(116,'2022-09-20 22:36:45','2022-09-20 22:36:45',116,'돼지고기','1개','양념 B','1T'),
(117,'2022-09-20 22:36:45','2022-09-20 22:36:45',117,'돼지고기','1개','양념 B','1T'),
(118,'2022-09-20 22:36:45','2022-09-20 22:36:45',118,'돼지고기','1개','양념 B','1T'),
(119,'2022-09-20 22:36:45','2022-09-20 22:36:45',119,'버섯류','1개','양념 B','1T'),
(120,'2022-09-20 22:36:45','2022-09-20 22:36:45',120,'갑각류','1개','양념 B','1T'),
(121,'2022-09-20 22:36:45','2022-09-20 22:36:45',121,'갑각류','1개','양념 B','1T'),
(122,'2022-09-20 22:36:45','2022-09-20 22:36:45',122,'달걀/유제품','1개','양념 B','1T'),
(123,'2022-09-20 22:36:45','2022-09-20 22:36:45',123,'가공식품','1개','양념 B','1T'),
(124,'2022-09-20 22:36:45','2022-09-20 22:36:45',124,'소고기','1개','양념 B','1T'),
(125,'2022-09-20 22:36:45','2022-09-20 22:36:45',125,'견과류/곡류','1개','양념 B','1T'),
(126,'2022-09-20 22:36:45','2022-09-20 22:36:45',126,'생선류','1개','양념 B','1T'),
(127,'2022-09-20 22:36:45','2022-09-20 22:36:45',127,'재료 A','1개','양념 B','1T'),
(128,'2022-09-20 22:36:45','2022-09-20 22:36:45',128,'가공식품','1개','양념 B','1T'),
(129,'2022-09-20 22:36:45','2022-09-20 22:36:45',129,'돼지고기','1개','양념 B','1T'),
(130,'2022-09-20 22:36:45','2022-09-20 22:36:45',130,'과일류','1개','양념 B','1T'),
(131,'2022-09-20 22:36:45','2022-09-20 22:36:45',131,'달걀/유제품','1개','양념 B','1T'),
(132,'2022-09-20 22:36:45','2022-09-20 22:36:45',132,'버섯류','1개','양념 B','1T'),
(133,'2022-09-20 22:36:45','2022-09-20 22:36:45',133,'달걀/유제품','1개','양념 B','1T'),
(134,'2022-09-20 22:36:45','2022-09-20 22:36:45',134,'버섯류','1개','양념 B','1T'),
(135,'2022-09-20 22:36:45','2022-09-20 22:36:45',135,'돼지고기','1개','양념 B','1T'),
(136,'2022-09-20 22:36:45','2022-09-20 22:36:45',136,'닭고기','1개','양념 B','1T'),
(137,'2022-09-20 22:36:45','2022-09-20 22:36:45',137,'재료 A','1개','양념 B','1T'),
(138,'2022-09-20 22:36:45','2022-09-20 22:36:45',138,'쌀/밀','1개','양념 B','1T'),
(139,'2022-09-20 22:36:45','2022-09-20 22:36:45',139,'견과류/곡류','1개','양념 B','1T'),
(140,'2022-09-20 22:36:45','2022-09-20 22:36:45',140,'달걀/유제품','1개','양념 B','1T'),
(141,'2022-09-20 22:36:45','2022-09-20 22:36:45',141,'해조류','1개','양념 B','1T'),
(142,'2022-09-20 22:36:45','2022-09-20 22:36:45',142,'해조류','1개','양념 B','1T'),
(143,'2022-09-20 22:36:45','2022-09-20 22:36:45',143,'쌀/밀','1개','양념 B','1T'),
(144,'2022-09-20 22:36:45','2022-09-20 22:36:45',144,'가공식품','1개','양념 B','1T'),
(145,'2022-09-20 22:36:45','2022-09-20 22:36:45',145,'돼지고기','1개','양념 B','1T'),
(146,'2022-09-20 22:36:45','2022-09-20 22:36:45',146,'돼지고기','1개','양념 B','1T'),
(147,'2022-09-20 22:36:45','2022-09-20 22:36:45',147,'버섯류','1개','양념 B','1T'),
(148,'2022-09-20 22:36:45','2022-09-20 22:36:45',148,'해조류','1개','양념 B','1T'),
(149,'2022-09-20 22:36:45','2022-09-20 22:36:45',149,'건어물류','1개','양념 B','1T'),
(150,'2022-09-20 22:36:45','2022-09-20 22:36:45',150,'재료 A','1개','양념 B','1T'),
(151,'2022-09-20 22:36:45','2022-09-20 22:36:45',151,'채소류','1개','양념 B','1T'),
(152,'2022-09-20 22:36:45','2022-09-20 22:36:45',152,'해조류','1개','양념 B','1T'),
(153,'2022-09-20 22:36:45','2022-09-20 22:36:45',153,'갑각류','1개','양념 B','1T'),
(154,'2022-09-20 22:36:45','2022-09-20 22:36:45',154,'해조류','1개','양념 B','1T'),
(155,'2022-09-20 22:36:45','2022-09-20 22:36:45',155,'구황작물','1개','양념 B','1T'),
(156,'2022-09-20 22:36:45','2022-09-20 22:36:45',156,'과일류','1개','양념 B','1T'),
(157,'2022-09-20 22:36:45','2022-09-20 22:36:45',157,'돼지고기','1개','양념 B','1T'),
(158,'2022-09-20 22:36:45','2022-09-20 22:36:45',158,'해조류','1개','양념 B','1T'),
(159,'2022-09-20 22:36:45','2022-09-20 22:36:45',159,'소고기','1개','양념 B','1T'),
(160,'2022-09-20 22:36:45','2022-09-20 22:36:45',160,'닭고기','1개','양념 B','1T'),
(161,'2022-09-20 22:36:45','2022-09-20 22:36:45',161,'버섯류','1개','양념 B','1T'),
(162,'2022-09-20 22:36:45','2022-09-20 22:36:45',162,'갑각류','1개','양념 B','1T'),
(163,'2022-09-20 22:36:45','2022-09-20 22:36:45',163,'가공식품','1개','양념 B','1T'),
(164,'2022-09-20 22:36:45','2022-09-20 22:36:45',164,'소고기','1개','양념 B','1T'),
(165,'2022-09-20 22:36:45','2022-09-20 22:36:45',165,'해조류','1개','양념 B','1T'),
(166,'2022-09-20 22:36:45','2022-09-20 22:36:45',166,'돼지고기','1개','양념 B','1T'),
(167,'2022-09-20 22:36:45','2022-09-20 22:36:45',167,'갑각류','1개','양념 B','1T'),
(168,'2022-09-20 22:36:45','2022-09-20 22:36:45',168,'과일류','1개','양념 B','1T'),
(169,'2022-09-20 22:36:45','2022-09-20 22:36:45',169,'과일류','1개','양념 B','1T'),
(170,'2022-09-20 22:36:45','2022-09-20 22:36:45',170,'가공식품','1개','양념 B','1T'),
(171,'2022-09-20 22:36:45','2022-09-20 22:36:45',171,'닭고기','1개','양념 B','1T'),
(172,'2022-09-20 22:36:45','2022-09-20 22:36:45',172,'건어물류','1개','양념 B','1T'),
(173,'2022-09-20 22:36:45','2022-09-20 22:36:45',173,'돼지고기','1개','양념 B','1T'),
(174,'2022-09-20 22:36:45','2022-09-20 22:36:45',174,'해조류','1개','양념 B','1T'),
(175,'2022-09-20 22:36:45','2022-09-20 22:36:45',175,'달걀/유제품','1개','양념 B','1T'),
(176,'2022-09-20 22:36:45','2022-09-20 22:36:45',176,'갑각류','1개','양념 B','1T'),
(177,'2022-09-20 22:36:45','2022-09-20 22:36:45',177,'달걀/유제품','1개','양념 B','1T'),
(178,'2022-09-20 22:36:45','2022-09-20 22:36:45',178,'돼지고기','1개','양념 B','1T'),
(179,'2022-09-20 22:36:45','2022-09-20 22:36:45',179,'견과류/곡류','1개','양념 B','1T'),
(180,'2022-09-20 22:36:45','2022-09-20 22:36:45',180,'건어물류','1개','양념 B','1T'),
(181,'2022-09-20 22:36:45','2022-09-20 22:36:45',181,'가공식품','1개','양념 B','1T'),
(182,'2022-09-20 22:36:45','2022-09-20 22:36:45',182,'쌀/밀','1개','양념 B','1T'),
(183,'2022-09-20 22:36:45','2022-09-20 22:36:45',183,'채소류','1개','양념 B','1T'),
(184,'2022-09-20 22:36:45','2022-09-20 22:36:45',184,'생선류','1개','양념 B','1T'),
(185,'2022-09-20 22:36:45','2022-09-20 22:36:45',185,'소고기','1개','양념 B','1T'),
(186,'2022-09-20 22:36:45','2022-09-20 22:36:45',186,'생선류','1개','양념 B','1T'),
(187,'2022-09-20 22:36:45','2022-09-20 22:36:45',187,'가공식품','1개','양념 B','1T'),
(188,'2022-09-20 22:36:45','2022-09-20 22:36:45',188,'닭고기','1개','양념 B','1T'),
(189,'2022-09-20 22:36:45','2022-09-20 22:36:45',189,'채소류','1개','양념 B','1T'),
(190,'2022-09-20 22:36:45','2022-09-20 22:36:45',190,'채소류','1개','양념 B','1T'),
(191,'2022-09-20 22:36:45','2022-09-20 22:36:45',191,'견과류/곡류','1개','양념 B','1T'),
(192,'2022-09-20 22:36:45','2022-09-20 22:36:45',192,'돼지고기','1개','양념 B','1T'),
(193,'2022-09-20 22:36:45','2022-09-20 22:36:45',193,'소고기','1개','양념 B','1T'),
(194,'2022-09-20 22:36:45','2022-09-20 22:36:45',194,'채소류','1개','양념 B','1T'),
(195,'2022-09-20 22:36:45','2022-09-20 22:36:45',195,'생선류','1개','양념 B','1T'),
(196,'2022-09-20 22:36:45','2022-09-20 22:36:45',196,'건어물류','1개','양념 B','1T'),
(197,'2022-09-20 22:36:45','2022-09-20 22:36:45',197,'건어물류','1개','양념 B','1T'),
(198,'2022-09-20 22:36:45','2022-09-20 22:36:45',198,'가공식품','1개','양념 B','1T'),
(199,'2022-09-20 22:36:45','2022-09-20 22:36:45',199,'해조류','1개','양념 B','1T'),
(200,'2022-09-20 22:36:45','2022-09-20 22:36:45',200,'생선류','1개','양념 B','1T'),
(201,'2022-09-20 22:36:45','2022-09-20 22:36:45',201,'갑각류','1개','양념 B','1T'),
(202,'2022-09-20 22:36:45','2022-09-20 22:36:45',202,'달걀/유제품','1개','양념 B','1T'),
(203,'2022-09-20 22:36:45','2022-09-20 22:36:45',203,'버섯류','1개','양념 B','1T'),
(204,'2022-09-20 22:36:45','2022-09-20 22:36:45',204,'견과류/곡류','1개','양념 B','1T'),
(205,'2022-09-20 22:36:45','2022-09-20 22:36:45',205,'달걀/유제품','1개','양념 B','1T'),
(206,'2022-09-20 22:36:45','2022-09-20 22:36:45',206,'닭고기','1개','양념 B','1T'),
(207,'2022-09-20 22:36:45','2022-09-20 22:36:45',207,'건어물류','1개','양념 B','1T'),
(208,'2022-09-20 22:36:45','2022-09-20 22:36:45',208,'소고기','1개','양념 B','1T'),
(209,'2022-09-20 22:36:45','2022-09-20 22:36:45',209,'갑각류','1개','양념 B','1T'),
(210,'2022-09-20 22:36:45','2022-09-20 22:36:45',210,'건어물류','1개','양념 B','1T'),
(211,'2022-09-20 22:36:45','2022-09-20 22:36:45',211,'소고기','1개','양념 B','1T'),
(212,'2022-09-20 22:36:45','2022-09-20 22:36:45',212,'달걀/유제품','1개','양념 B','1T'),
(213,'2022-09-20 22:36:45','2022-09-20 22:36:45',213,'견과류/곡류','1개','양념 B','1T'),
(214,'2022-09-20 22:36:45','2022-09-20 22:36:45',214,'채소류','1개','양념 B','1T'),
(215,'2022-09-20 22:36:45','2022-09-20 22:36:45',215,'생선류','1개','양념 B','1T'),
(216,'2022-09-20 22:36:45','2022-09-20 22:36:45',216,'재료 A','1개','양념 B','1T'),
(217,'2022-09-20 22:36:45','2022-09-20 22:36:45',217,'채소류','1개','양념 B','1T'),
(218,'2022-09-20 22:36:45','2022-09-20 22:36:45',218,'돼지고기','1개','양념 B','1T'),
(219,'2022-09-20 22:36:45','2022-09-20 22:36:45',219,'구황작물','1개','양념 B','1T'),
(220,'2022-09-20 22:36:45','2022-09-20 22:36:45',220,'달걀/유제품','1개','양념 B','1T'),
(221,'2022-09-20 22:36:45','2022-09-20 22:36:45',221,'과일류','1개','양념 B','1T'),
(222,'2022-09-20 22:36:45','2022-09-20 22:36:45',222,'재료 A','1개','양념 B','1T'),
(223,'2022-09-20 22:36:45','2022-09-20 22:36:45',223,'재료 A','1개','양념 B','1T'),
(224,'2022-09-20 22:36:45','2022-09-20 22:36:45',224,'소고기','1개','양념 B','1T'),
(225,'2022-09-20 22:36:45','2022-09-20 22:36:45',225,'가공식품','1개','양념 B','1T'),
(226,'2022-09-20 22:36:45','2022-09-20 22:36:45',226,'생선류','1개','양념 B','1T'),
(227,'2022-09-20 22:36:45','2022-09-20 22:36:45',227,'닭고기','1개','양념 B','1T'),
(228,'2022-09-20 22:36:45','2022-09-20 22:36:45',228,'생선류','1개','양념 B','1T'),
(229,'2022-09-20 22:36:45','2022-09-20 22:36:45',229,'재료 A','1개','양념 B','1T'),
(230,'2022-09-20 22:36:45','2022-09-20 22:36:45',230,'구황작물','1개','양념 B','1T'),
(231,'2022-09-20 22:36:45','2022-09-20 22:36:45',231,'쌀/밀','1개','양념 B','1T'),
(232,'2022-09-20 22:36:45','2022-09-20 22:36:45',232,'닭고기','1개','양념 B','1T'),
(233,'2022-09-20 22:36:45','2022-09-20 22:36:45',233,'닭고기','1개','양념 B','1T'),
(234,'2022-09-20 22:36:45','2022-09-20 22:36:45',234,'재료 A','1개','양념 B','1T'),
(235,'2022-09-20 22:36:45','2022-09-20 22:36:45',235,'재료 A','1개','양념 B','1T'),
(236,'2022-09-20 22:36:45','2022-09-20 22:36:45',236,'채소류','1개','양념 B','1T'),
(237,'2022-09-20 22:36:45','2022-09-20 22:36:45',237,'가공식품','1개','양념 B','1T'),
(238,'2022-09-20 22:36:45','2022-09-20 22:36:45',238,'견과류/곡류','1개','양념 B','1T'),
(239,'2022-09-20 22:36:45','2022-09-20 22:36:45',239,'갑각류','1개','양념 B','1T'),
(240,'2022-09-20 22:36:45','2022-09-20 22:36:45',240,'견과류/곡류','1개','양념 B','1T'),
(241,'2022-09-20 22:36:45','2022-09-20 22:36:45',241,'구황작물','1개','양념 B','1T'),
(242,'2022-09-20 22:36:45','2022-09-20 22:36:45',242,'돼지고기','1개','양념 B','1T'),
(243,'2022-09-20 22:36:45','2022-09-20 22:36:45',243,'건어물류','1개','양념 B','1T'),
(244,'2022-09-20 22:36:45','2022-09-20 22:36:45',244,'재료 A','1개','양념 B','1T'),
(245,'2022-09-20 22:36:45','2022-09-20 22:36:45',245,'견과류/곡류','1개','양념 B','1T'),
(246,'2022-09-20 22:36:45','2022-09-20 22:36:45',246,'재료 A','1개','양념 B','1T'),
(247,'2022-09-20 22:36:45','2022-09-20 22:36:45',247,'갑각류','1개','양념 B','1T'),
(248,'2022-09-20 22:36:45','2022-09-20 22:36:45',248,'닭고기','1개','양념 B','1T'),
(249,'2022-09-20 22:36:45','2022-09-20 22:36:45',249,'채소류','1개','양념 B','1T'),
(250,'2022-09-20 22:36:45','2022-09-20 22:36:45',250,'돼지고기','1개','양념 B','1T'),
(251,'2022-09-20 22:36:45','2022-09-20 22:36:45',251,'해조류','1개','양념 B','1T'),
(252,'2022-09-20 22:36:45','2022-09-20 22:36:45',252,'달걀/유제품','1개','양념 B','1T'),
(253,'2022-09-20 22:36:45','2022-09-20 22:36:45',253,'건어물류','1개','양념 B','1T'),
(254,'2022-09-20 22:36:45','2022-09-20 22:36:45',254,'닭고기','1개','양념 B','1T'),
(255,'2022-09-20 22:36:45','2022-09-20 22:36:45',255,'달걀/유제품','1개','양념 B','1T'),
(256,'2022-09-20 22:36:45','2022-09-20 22:36:45',256,'돼지고기','1개','양념 B','1T'),
(257,'2022-09-20 22:36:45','2022-09-20 22:36:45',257,'돼지고기','1개','양념 B','1T'),
(258,'2022-09-20 22:36:45','2022-09-20 22:36:45',258,'가공식품','1개','양념 B','1T'),
(259,'2022-09-20 22:36:45','2022-09-20 22:36:45',259,'채소류','1개','양념 B','1T'),
(260,'2022-09-20 22:36:45','2022-09-20 22:36:45',260,'건어물류','1개','양념 B','1T'),
(261,'2022-09-20 22:36:45','2022-09-20 22:36:45',261,'달걀/유제품','1개','양념 B','1T'),
(262,'2022-09-20 22:36:45','2022-09-20 22:36:45',262,'달걀/유제품','1개','양념 B','1T'),
(263,'2022-09-20 22:36:45','2022-09-20 22:36:45',263,'생선류','1개','양념 B','1T'),
(264,'2022-09-20 22:36:45','2022-09-20 22:36:45',264,'해조류','1개','양념 B','1T'),
(265,'2022-09-20 22:36:45','2022-09-20 22:36:45',265,'닭고기','1개','양념 B','1T'),
(266,'2022-09-20 22:36:45','2022-09-20 22:36:45',266,'달걀/유제품','1개','양념 B','1T'),
(267,'2022-09-20 22:36:45','2022-09-20 22:36:45',267,'과일류','1개','양념 B','1T'),
(268,'2022-09-20 22:36:45','2022-09-20 22:36:45',268,'견과류/곡류','1개','양념 B','1T'),
(269,'2022-09-20 22:36:45','2022-09-20 22:36:45',269,'과일류','1개','양념 B','1T'),
(270,'2022-09-20 22:36:45','2022-09-20 22:36:45',270,'버섯류','1개','양념 B','1T'),
(271,'2022-09-20 22:36:45','2022-09-20 22:36:45',271,'쌀/밀','1개','양념 B','1T'),
(272,'2022-09-20 22:36:45','2022-09-20 22:36:45',272,'돼지고기','1개','양념 B','1T'),
(273,'2022-09-20 22:36:45','2022-09-20 22:36:45',273,'구황작물','1개','양념 B','1T'),
(274,'2022-09-20 22:36:45','2022-09-20 22:36:45',274,'가공식품','1개','양념 B','1T'),
(275,'2022-09-20 22:36:45','2022-09-20 22:36:45',275,'가공식품','1개','양념 B','1T'),
(276,'2022-09-20 22:36:45','2022-09-20 22:36:45',276,'가공식품','1개','양념 B','1T'),
(277,'2022-09-20 22:36:45','2022-09-20 22:36:45',277,'구황작물','1개','양념 B','1T'),
(278,'2022-09-20 22:36:45','2022-09-20 22:36:45',278,'해조류','1개','양념 B','1T'),
(279,'2022-09-20 22:36:45','2022-09-20 22:36:45',279,'닭고기','1개','양념 B','1T'),
(280,'2022-09-20 22:36:45','2022-09-20 22:36:45',280,'갑각류','1개','양념 B','1T'),
(281,'2022-09-20 22:36:45','2022-09-20 22:36:45',281,'가공식품','1개','양념 B','1T'),
(282,'2022-09-20 22:36:45','2022-09-20 22:36:45',282,'건어물류','1개','양념 B','1T'),
(283,'2022-09-20 22:36:45','2022-09-20 22:36:45',283,'가공식품','1개','양념 B','1T'),
(284,'2022-09-20 22:36:45','2022-09-20 22:36:45',284,'생선류','1개','양념 B','1T'),
(285,'2022-09-20 22:36:45','2022-09-20 22:36:45',285,'건어물류','1개','양념 B','1T'),
(286,'2022-09-20 22:36:45','2022-09-20 22:36:45',286,'건어물류','1개','양념 B','1T'),
(287,'2022-09-20 22:36:45','2022-09-20 22:36:45',287,'견과류/곡류','1개','양념 B','1T'),
(288,'2022-09-20 22:36:45','2022-09-20 22:36:45',288,'가공식품','1개','양념 B','1T'),
(289,'2022-09-20 22:36:45','2022-09-20 22:36:45',289,'건어물류','1개','양념 B','1T'),
(290,'2022-09-20 22:36:45','2022-09-20 22:36:45',290,'해조류','1개','양념 B','1T'),
(291,'2022-09-20 22:36:45','2022-09-20 22:36:45',291,'가공식품','1개','양념 B','1T'),
(292,'2022-09-20 22:36:45','2022-09-20 22:36:45',292,'해조류','1개','양념 B','1T'),
(293,'2022-09-20 22:36:45','2022-09-20 22:36:45',293,'해조류','1개','양념 B','1T'),
(294,'2022-09-20 22:36:45','2022-09-20 22:36:45',294,'과일류','1개','양념 B','1T'),
(295,'2022-09-20 22:36:45','2022-09-20 22:36:45',295,'쌀/밀','1개','양념 B','1T'),
(296,'2022-09-20 22:36:45','2022-09-20 22:36:45',296,'가공식품','1개','양념 B','1T'),
(297,'2022-09-20 22:36:45','2022-09-20 22:36:45',297,'쌀/밀','1개','양념 B','1T'),
(298,'2022-09-20 22:36:45','2022-09-20 22:36:45',298,'채소류','1개','양념 B','1T'),
(299,'2022-09-20 22:36:45','2022-09-20 22:36:45',299,'과일류','1개','양념 B','1T'),
(300,'2022-09-20 22:36:45','2022-09-20 22:36:45',300,'갑각류','1개','양념 B','1T'),
(301,'2022-09-20 22:36:45','2022-09-20 22:36:45',301,'닭고기','1개','양념 B','1T'),
(302,'2022-09-20 22:36:45','2022-09-20 22:36:45',302,'소고기','1개','양념 B','1T'),
(303,'2022-09-20 22:36:45','2022-09-20 22:36:45',303,'갑각류','1개','양념 B','1T'),
(304,'2022-09-20 23:07:51','2022-09-20 23:10:44',304,'갈치,양파','3마리,1개','간장,고춧가루,다진마늘','1T,1T,1T'),
(305,'2022-09-20 23:15:58','2022-09-20 23:15:58',305,'김치','1포기','다진마늘','1T'),
(306,'2022-09-20 23:26:23','2022-09-20 23:26:23',306,'오리훈제,호박','800g,1개','초고추장','2T');

/*Table structure for table `member` */

DROP TABLE IF EXISTS `member`;

CREATE TABLE `member` (
  `id` int(10) unsigned NOT NULL AUTO_INCREMENT,
  `regDate` datetime NOT NULL,
  `updateDate` datetime NOT NULL,
  `loginId` char(30) NOT NULL,
  `loginPw` varchar(100) NOT NULL,
  `authLevel` smallint(2) unsigned DEFAULT 3 COMMENT '(3=일반, 7=관리자)',
  `nickname` char(20) NOT NULL,
  `cellphoneNo` char(30) NOT NULL,
  `email` char(50) NOT NULL,
  `delStatus` tinyint(1) unsigned NOT NULL DEFAULT 0 COMMENT '탈퇴여부(0=탈퇴전, 1=탈퇴)',
  `delDate` datetime DEFAULT NULL COMMENT '탈퇴날짜',
  PRIMARY KEY (`id`)
) ENGINE=InnoDB AUTO_INCREMENT=7 DEFAULT CHARSET=utf8mb4;

/*Data for the table `member` */

insert  into `member`(`id`,`regDate`,`updateDate`,`loginId`,`loginPw`,`authLevel`,`nickname`,`cellphoneNo`,`email`,`delStatus`,`delDate`) values 
(1,'2022-09-20 22:36:21','2022-09-20 22:36:21','admin','8c6976e5b5410415bde908bd4dee15dfb167a9c873fc4bb8a81f6f2ab448a918',7,'관리자','01012341234','admin@gmail.com',0,NULL),
(2,'2022-09-20 22:36:21','2022-09-20 23:21:49','test1','1b4f0e9851971998e732078544c96b36c3d01cedf7caa332359d6f1d83567014',3,'몽룡','01017772777','test1@gmail.com',0,NULL),
(3,'2022-09-20 22:36:21','2022-09-21 09:19:06','test2','60303ae22b998861bce3b28f33eec1be758a213c86c93c076dbe9f558c11c752',3,'춘향','010-9631-9631','test2@gmail.com',0,NULL),
(4,'2022-09-20 22:36:21','2022-09-20 22:36:21','test3','fd61a03af4f77d870fc21e05e7e80678095c92d808cfb3b5c279ee04c74aca13',3,'임꺽정','01034343434','test3@gmail.com',0,NULL),
(5,'2022-09-20 22:36:21','2022-09-20 22:36:21','test4','a4e624d686e03ed2767c0abd85c14426b0b1157d2ce81d27bb4fe4f6f01d688a',3,'홍길동','01089895656','test4@gmail.com',0,NULL),
(6,'2022-09-21 09:36:25','2022-09-21 09:46:33','test6','ed0cb90bdfa4f93981a7d03cff99213a86aa96a6cbcf89ec5e8889871f088727',3,'비룡','010-8282-5959','test6@gmail.com',0,NULL);

/*Table structure for table `reactionPoint` */

DROP TABLE IF EXISTS `reactionPoint`;

CREATE TABLE `reactionPoint` (
  `id` int(10) unsigned NOT NULL AUTO_INCREMENT,
  `regDate` datetime NOT NULL,
  `updateDate` datetime NOT NULL,
  `memberId` int(10) unsigned NOT NULL,
  `relTypeCode` char(30) NOT NULL COMMENT '관련데이터타입코드',
  `relId` int(10) unsigned NOT NULL COMMENT '관련데이터번호',
  `point` smallint(2) NOT NULL,
  PRIMARY KEY (`id`)
) ENGINE=InnoDB AUTO_INCREMENT=6 DEFAULT CHARSET=utf8mb4;

/*Data for the table `reactionPoint` */

insert  into `reactionPoint`(`id`,`regDate`,`updateDate`,`memberId`,`relTypeCode`,`relId`,`point`) values 
(1,'2022-09-20 22:36:22','2022-09-20 22:36:22',1,'recipe',1,1),
(2,'2022-09-20 22:36:22','2022-09-20 22:36:22',1,'recipe',2,1),
(3,'2022-09-20 22:36:22','2022-09-20 22:36:22',2,'recipe',1,1),
(4,'2022-09-20 22:36:22','2022-09-20 22:36:22',2,'recipe',3,1),
(5,'2022-09-20 22:36:22','2022-09-20 22:36:22',3,'recipe',1,1);

/*Table structure for table `recipe` */

DROP TABLE IF EXISTS `recipe`;

CREATE TABLE `recipe` (
  `id` int(10) unsigned NOT NULL AUTO_INCREMENT,
  `regDate` datetime NOT NULL,
  `updateDate` datetime NOT NULL,
  `memberId` int(10) unsigned NOT NULL,
  `title` char(100) NOT NULL,
  `body` text NOT NULL,
  `amount` int(10) unsigned NOT NULL DEFAULT 1,
  `time` int(10) unsigned NOT NULL DEFAULT 5,
  `level` int(10) unsigned NOT NULL DEFAULT 1 COMMENT '(1=누구나, 2=초급, 3=중급, 4=고급)',
  `guideId` int(10) unsigned NOT NULL DEFAULT 0,
  `ingredientId` int(10) unsigned NOT NULL DEFAULT 0,
  `hitCount` int(10) unsigned NOT NULL DEFAULT 0,
  `goodRP` int(10) unsigned NOT NULL DEFAULT 0,
  `scrap` int(10) unsigned NOT NULL DEFAULT 0,
  `tip` text DEFAULT NULL,
  PRIMARY KEY (`id`)
) ENGINE=InnoDB AUTO_INCREMENT=307 DEFAULT CHARSET=utf8mb4;

/*Data for the table `recipe` */

insert  into `recipe`(`id`,`regDate`,`updateDate`,`memberId`,`title`,`body`,`amount`,`time`,`level`,`guideId`,`ingredientId`,`hitCount`,`goodRP`,`scrap`,`tip`) values 
(1,'2022-09-20 22:36:21','2022-09-20 22:36:21',2,'감자볶음','손쉽게 만들어요.',3,15,1,1,1,506,4,286,NULL),
(2,'2022-09-20 22:36:21','2022-09-20 22:36:21',2,'소갈비찜','온가족 든든하게 즐겨요.',4,120,4,2,2,126,5,237,'핏물 뺄 시간이 부족하다면 끓는 물에 5분 정도 넣었다 빼시돼요.'),
(3,'2022-09-20 22:36:21','2022-09-20 22:36:21',3,'로제파스타','한번만 먹어본 사람은 없다.',2,20,3,3,3,235,62,181,NULL),
(4,'2022-09-20 22:36:32','2022-09-20 22:36:32',5,'음료/차/버섯류삶기/해장','음료차버섯류삶기해장',1,5,1,4,4,627,130,247,NULL),
(5,'2022-09-20 22:36:32','2022-09-20 22:36:32',1,'건어물류/건어물류조림/기념일','건어물류건어물류조림기념일',1,5,1,5,5,587,114,251,NULL),
(6,'2022-09-20 22:36:32','2022-09-20 22:36:32',4,'찜','찜',1,5,1,6,6,551,178,104,NULL),
(7,'2022-09-20 22:36:32','2022-09-20 22:36:32',1,'음료/차/생선류튀김/간편식','음료차생선류튀김간편식',1,5,1,7,7,609,164,65,NULL),
(8,'2022-09-20 22:36:32','2022-09-20 22:36:32',4,'음료/차/닭고기굽기/다이어트','음료차닭고기굽기다이어트',1,5,1,8,8,203,97,297,NULL),
(9,'2022-09-20 22:36:32','2022-09-20 22:36:32',2,'소스/양념/과일류찜/술안주','소스양념과일류찜술안주',1,5,1,9,9,356,160,157,NULL),
(10,'2022-09-20 22:36:32','2022-09-20 22:36:32',2,'장류/과일류데치기/해장','장류과일류데치기해장',1,5,1,10,10,330,168,296,NULL),
(11,'2022-09-20 22:36:32','2022-09-20 22:36:32',5,'중식/채소류데치기/도시락','중식채소류데치기도시락',1,5,1,11,11,362,143,12,NULL),
(12,'2022-09-20 22:36:32','2022-09-20 22:36:32',4,'밑반찬/버섯류굽기/영양식','밑반찬버섯류굽기영양식',1,5,1,12,12,114,4,350,NULL),
(13,'2022-09-20 22:36:32','2022-09-20 22:36:32',1,'밥/죽/버섯류데치기','밥죽버섯류데치기',1,5,1,13,13,579,188,239,NULL),
(14,'2022-09-20 22:36:32','2022-09-20 22:36:32',1,'밑반찬/달걀/유제품삶기/술안주','밑반찬달걀유제품삶기술안주',1,5,1,14,14,245,121,342,NULL),
(15,'2022-09-20 22:36:32','2022-09-20 22:36:32',4,'면/국수/과일류끓이기/영양식','면국수과일류끓이기영양식',1,5,1,15,15,460,14,140,NULL),
(16,'2022-09-20 22:36:32','2022-09-20 22:36:32',3,'소스/양념/버섯류무치기/영양식','소스양념버섯류무치기영양식',1,5,1,16,16,520,161,285,NULL),
(17,'2022-09-20 22:36:32','2022-09-20 22:36:32',2,'면/국수/닭고기볶기/기념일','면국수닭고기볶기기념일',1,5,1,17,17,585,132,301,NULL),
(18,'2022-09-20 22:36:32','2022-09-20 22:36:32',3,'장류/닭고기삶기/술안주','장류닭고기삶기술안주',1,5,1,18,18,255,64,2,NULL),
(19,'2022-09-20 22:36:32','2022-09-20 22:36:32',5,'양식/과일류튀김','양식과일류튀김',1,5,1,19,19,109,15,120,NULL),
(20,'2022-09-20 22:36:32','2022-09-20 22:36:32',1,'중식/생선류/해장','중식생선류해장',1,5,1,20,20,495,99,154,NULL),
(21,'2022-09-20 22:36:32','2022-09-20 22:36:32',2,'국/탕/찌게/버섯류삶기/해장','국탕찌게버섯류삶기해장',1,5,1,21,21,343,143,91,NULL),
(22,'2022-09-20 22:36:32','2022-09-20 22:36:32',4,'밑반찬/구황작물무치기','밑반찬구황작물무치기',1,5,1,22,22,341,30,335,NULL),
(23,'2022-09-20 22:36:32','2022-09-20 22:36:32',1,'중식굽기/간편식','중식굽기간편식',1,5,1,23,23,523,69,296,NULL),
(24,'2022-09-20 22:36:32','2022-09-20 22:36:32',5,'한식/채소류조림/간편식','한식채소류조림간편식',1,5,1,24,24,374,39,155,NULL),
(25,'2022-09-20 22:36:32','2022-09-20 22:36:32',3,'베이커리/가공식품삶기/영양식','베이커리가공식품삶기영양식',1,5,1,25,25,439,125,275,NULL),
(26,'2022-09-20 22:36:32','2022-09-20 22:36:32',1,'장류끓이기/야식','장류끓이기야식',1,5,1,26,26,73,11,318,NULL),
(27,'2022-09-20 22:36:32','2022-09-20 22:36:32',4,'중식/소고기찜/해장','중식소고기찜해장',1,5,1,27,27,447,77,68,NULL),
(28,'2022-09-20 22:36:32','2022-09-20 22:36:32',1,'동남아식/버섯류찜/집들이','동남아식버섯류찜집들이',1,5,1,28,28,324,163,174,NULL),
(29,'2022-09-20 22:36:32','2022-09-20 22:36:32',5,'중식/쌀/밀데치기/간편식','중식쌀밀데치기간편식',1,5,1,29,29,203,6,233,NULL),
(30,'2022-09-20 22:36:32','2022-09-20 22:36:32',4,'면/국수/과일류끓이기/도시락','면국수과일류끓이기도시락',1,5,1,30,30,546,46,51,NULL),
(31,'2022-09-20 22:36:32','2022-09-20 22:36:32',5,'음료/차/돼지고기튀김/집들이','음료차돼지고기튀김집들이',1,5,1,31,31,417,9,274,NULL),
(32,'2022-09-20 22:36:32','2022-09-20 22:36:32',3,'밑반찬/버섯류데치기/집들이','밑반찬버섯류데치기집들이',1,5,1,32,32,196,156,189,NULL),
(33,'2022-09-20 22:36:32','2022-09-20 22:36:32',3,'베이커리/견과류/곡류조림/술안주','베이커리견과류곡류조림술안주',1,5,1,33,33,550,73,68,NULL),
(34,'2022-09-20 22:36:32','2022-09-20 22:36:32',2,'면/국수/버섯류데치기/집들이','면국수버섯류데치기집들이',1,5,1,34,34,440,175,280,NULL),
(35,'2022-09-20 22:36:32','2022-09-20 22:36:32',2,'양식/버섯류데치기','양식버섯류데치기',1,5,1,35,35,465,75,165,NULL),
(36,'2022-09-20 22:36:32','2022-09-20 22:36:32',2,'밥/죽/버섯류조림/영양식','밥죽버섯류조림영양식',1,5,1,36,36,204,46,256,NULL),
(37,'2022-09-20 22:36:32','2022-09-20 22:36:32',4,'메인반찬/버섯류','메인반찬버섯류',1,5,1,37,37,313,194,230,NULL),
(38,'2022-09-20 22:36:32','2022-09-20 22:36:32',2,'국/탕/찌게/달걀/유제품볶기/집들이','국탕찌게달걀유제품볶기집들이',1,5,1,38,38,195,75,312,NULL),
(39,'2022-09-20 22:36:32','2022-09-20 22:36:32',2,'밥/죽/해조류삶기/술안주','밥죽해조류삶기술안주',1,5,1,39,39,310,67,1,NULL),
(40,'2022-09-20 22:36:32','2022-09-20 22:36:32',4,'국/탕/찌게/생선류데치기/술안주','국탕찌게생선류데치기술안주',1,5,1,40,40,357,3,16,NULL),
(41,'2022-09-20 22:36:32','2022-09-20 22:36:32',1,'양식/해조류끓이기/술안주','양식해조류끓이기술안주',1,5,1,41,41,77,38,282,NULL),
(42,'2022-09-20 22:36:32','2022-09-20 22:36:32',5,'장류/돼지고기전/부침/집들이','장류돼지고기전부침집들이',1,5,1,42,42,224,92,306,NULL),
(43,'2022-09-20 22:36:32','2022-09-20 22:36:32',4,'밥/죽/닭고기무치기/다이어트','밥죽닭고기무치기다이어트',1,5,1,43,43,241,199,121,NULL),
(44,'2022-09-20 22:36:32','2022-09-20 22:36:32',3,'동남아식삶기/집들이','동남아식삶기집들이',1,5,1,44,44,465,150,243,NULL),
(45,'2022-09-20 22:36:32','2022-09-20 22:36:32',4,'소스/양념/과일류/영양식','소스양념과일류영양식',1,5,1,45,45,495,46,23,NULL),
(46,'2022-09-20 22:36:32','2022-09-20 22:36:32',2,'한식/견과류/곡류볶기/야식','한식견과류곡류볶기야식',1,5,1,46,46,424,127,342,NULL),
(47,'2022-09-20 22:36:32','2022-09-20 22:36:32',1,'한식/건어물류무치기/기념일','한식건어물류무치기기념일',1,5,1,47,47,334,195,331,NULL),
(48,'2022-09-20 22:36:32','2022-09-20 22:36:32',3,'음료/차/과일류/간편식','음료차과일류간편식',1,5,1,48,48,462,160,57,NULL),
(49,'2022-09-20 22:36:32','2022-09-20 22:36:32',2,'메인반찬/돼지고기볶기/해장','메인반찬돼지고기볶기해장',1,5,1,49,49,178,83,203,NULL),
(50,'2022-09-20 22:36:32','2022-09-20 22:36:32',4,'닭고기/닭고기굽기/해장','닭고기닭고기굽기해장',1,5,1,50,50,199,130,180,NULL),
(51,'2022-09-20 22:36:32','2022-09-20 22:36:32',2,'양식/닭고기무치기/다이어트','양식닭고기무치기다이어트',1,5,1,51,51,181,123,185,NULL),
(52,'2022-09-20 22:36:32','2022-09-20 22:36:32',4,'장류/생선류전/부침/영양식','장류생선류전부침영양식',1,5,1,52,52,241,160,142,NULL),
(53,'2022-09-20 22:36:32','2022-09-20 22:36:32',3,'소스/양념/달걀/유제품삶기','소스양념달걀유제품삶기',1,5,1,53,53,359,126,324,NULL),
(54,'2022-09-20 22:36:32','2022-09-20 22:36:32',4,'중식/생선류굽기/영양식','중식생선류굽기영양식',1,5,1,54,54,568,148,321,NULL),
(55,'2022-09-20 22:36:32','2022-09-20 22:36:32',4,'국/탕/찌게/소고기끓이기/야식','국탕찌게소고기끓이기야식',1,5,1,55,55,480,73,22,NULL),
(56,'2022-09-20 22:36:32','2022-09-20 22:36:32',2,'면/국수/소고기무치기','면국수소고기무치기',1,5,1,56,56,290,46,330,NULL),
(57,'2022-09-20 22:36:32','2022-09-20 22:36:32',5,'동남아식/닭고기볶기/영양식','동남아식닭고기볶기영양식',1,5,1,57,57,23,6,114,NULL),
(58,'2022-09-20 22:36:32','2022-09-20 22:36:32',2,'중식/버섯류끓이기/해장','중식버섯류끓이기해장',1,5,1,58,58,457,106,237,NULL),
(59,'2022-09-20 22:36:32','2022-09-20 22:36:32',4,'소스/양념/채소류튀김','소스양념채소류튀김',1,5,1,59,59,364,159,331,NULL),
(60,'2022-09-20 22:36:32','2022-09-20 22:36:32',3,'중식/버섯류볶기/집들이','중식버섯류볶기집들이',1,5,1,60,60,539,69,304,NULL),
(61,'2022-09-20 22:36:32','2022-09-20 22:36:32',3,'동남아식끓이기/야식','동남아식끓이기야식',1,5,1,61,61,299,62,331,NULL),
(62,'2022-09-20 22:36:32','2022-09-20 22:36:32',1,'면/국수/해조류무치기/해장','면국수해조류무치기해장',1,5,1,62,62,433,161,58,NULL),
(63,'2022-09-20 22:36:32','2022-09-20 22:36:32',1,'견과류/곡류/견과류/곡류끓이기/영양식','견과류곡류견과류곡류끓이기영양식',1,5,1,63,63,234,86,225,NULL),
(64,'2022-09-20 22:36:32','2022-09-20 22:36:32',4,'동남아식/달걀/유제품굽기/간편식','동남아식달걀유제품굽기간편식',1,5,1,64,64,611,186,248,NULL),
(65,'2022-09-20 22:36:32','2022-09-20 22:36:32',4,'메인반찬/닭고기찜/집들이','메인반찬닭고기찜집들이',1,5,1,65,65,333,152,231,NULL),
(66,'2022-09-20 22:36:32','2022-09-20 22:36:32',4,'밥/죽/버섯류조림/도시락','밥죽버섯류조림도시락',1,5,1,66,66,132,5,49,NULL),
(67,'2022-09-20 22:36:32','2022-09-20 22:36:32',4,'동남아식/돼지고기전/부침/집들이','동남아식돼지고기전부침집들이',1,5,1,67,67,218,125,244,NULL),
(68,'2022-09-20 22:36:32','2022-09-20 22:36:32',4,'면/국수/돼지고기/영양식','면국수돼지고기영양식',1,5,1,68,68,207,122,337,NULL),
(69,'2022-09-20 22:36:32','2022-09-20 22:36:32',1,'소스/양념/견과류/곡류무치기/집들이','소스양념견과류곡류무치기집들이',1,5,1,69,69,339,196,4,NULL),
(70,'2022-09-20 22:36:32','2022-09-20 22:36:32',3,'한식/갑각류굽기/집들이','한식갑각류굽기집들이',1,5,1,70,70,485,24,191,NULL),
(71,'2022-09-20 22:36:32','2022-09-20 22:36:32',1,'양식/달걀/유제품/술안주','양식달걀유제품술안주',1,5,1,71,71,450,76,87,NULL),
(72,'2022-09-20 22:36:32','2022-09-20 22:36:32',4,'메인반찬/가공식품조림/다이어트','메인반찬가공식품조림다이어트',1,5,1,72,72,510,22,279,NULL),
(73,'2022-09-20 22:36:32','2022-09-20 22:36:32',3,'돼지고기/돼지고기/영양식','돼지고기돼지고기영양식',1,5,1,73,73,449,131,306,NULL),
(74,'2022-09-20 22:36:32','2022-09-20 22:36:32',2,'음료/차/해조류삶기','음료차해조류삶기',1,5,1,74,74,206,82,151,NULL),
(75,'2022-09-20 22:36:32','2022-09-20 22:36:32',1,'음료/차/닭고기튀김/야식','음료차닭고기튀김야식',1,5,1,75,75,351,184,105,NULL),
(76,'2022-09-20 22:36:32','2022-09-20 22:36:32',5,'메인반찬/달걀/유제품삶기/해장','메인반찬달걀유제품삶기해장',1,5,1,76,76,609,149,290,NULL),
(77,'2022-09-20 22:36:32','2022-09-20 22:36:32',4,'소스/양념/달걀/유제품볶기/기념일','소스양념달걀유제품볶기기념일',1,5,1,77,77,480,180,5,NULL),
(78,'2022-09-20 22:36:32','2022-09-20 22:36:32',2,'음료/차/갑각류/영양식','음료차갑각류영양식',1,5,1,78,78,193,75,287,NULL),
(79,'2022-09-20 22:36:32','2022-09-20 22:36:32',1,'가공식품/가공식품굽기/야식','가공식품가공식품굽기야식',1,5,1,79,79,387,195,142,NULL),
(80,'2022-09-20 22:36:32','2022-09-20 22:36:32',2,'동남아식/생선류볶기','동남아식생선류볶기',1,5,1,80,80,128,22,118,NULL),
(81,'2022-09-20 22:36:32','2022-09-20 22:36:32',2,'메인반찬/견과류/곡류무치기','메인반찬견과류곡류무치기',1,5,1,81,81,521,70,257,NULL),
(82,'2022-09-20 22:36:32','2022-09-20 22:36:32',5,'음료/차/돼지고기무치기/야식','음료차돼지고기무치기야식',1,5,1,82,82,563,125,323,NULL),
(83,'2022-09-20 22:36:32','2022-09-20 22:36:32',5,'밑반찬/닭고기삶기/기념일','밑반찬닭고기삶기기념일',1,5,1,83,83,484,148,319,NULL),
(84,'2022-09-20 22:36:32','2022-09-20 22:36:32',2,'동남아식조림/영양식','동남아식조림영양식',1,5,1,84,84,433,69,347,NULL),
(85,'2022-09-20 22:36:32','2022-09-20 22:36:32',5,'밑반찬/채소류튀김/술안주','밑반찬채소류튀김술안주',1,5,1,85,85,498,185,224,NULL),
(86,'2022-09-20 22:36:32','2022-09-20 22:36:32',2,'닭고기/닭고기삶기/술안주','닭고기닭고기삶기술안주',1,5,1,86,86,559,85,71,NULL),
(87,'2022-09-20 22:36:32','2022-09-20 22:36:32',5,'국/탕/찌게/쌀/밀삶기/기념일','국탕찌게쌀밀삶기기념일',1,5,1,87,87,576,148,28,NULL),
(88,'2022-09-20 22:36:32','2022-09-20 22:36:32',1,'베이커리/소고기데치기/야식','베이커리소고기데치기야식',1,5,1,88,88,254,38,247,NULL),
(89,'2022-09-20 22:36:32','2022-09-20 22:36:32',2,'국/탕/찌게/돼지고기찜/간편식','국탕찌게돼지고기찜간편식',1,5,1,89,89,491,193,240,NULL),
(90,'2022-09-20 22:36:32','2022-09-20 22:36:32',1,'소스/양념/채소류무치기/야식','소스양념채소류무치기야식',1,5,1,90,90,451,109,232,NULL),
(91,'2022-09-20 22:36:32','2022-09-20 22:36:32',4,'국/탕/찌게/생선류/다이어트','국탕찌게생선류다이어트',1,5,1,91,91,451,136,138,NULL),
(92,'2022-09-20 22:36:32','2022-09-20 22:36:32',1,'소스/양념/닭고기볶기/간편식','소스양념닭고기볶기간편식',1,5,1,92,92,237,189,189,NULL),
(93,'2022-09-20 22:36:32','2022-09-20 22:36:32',5,'밑반찬/달걀/유제품','밑반찬달걀유제품',1,5,1,93,93,468,174,250,NULL),
(94,'2022-09-20 22:36:32','2022-09-20 22:36:32',4,'베이커리/채소류굽기/해장','베이커리채소류굽기해장',1,5,1,94,94,518,193,240,NULL),
(95,'2022-09-20 22:36:32','2022-09-20 22:36:32',4,'한식/달걀/유제품볶기/기념일','한식달걀유제품볶기기념일',1,5,1,95,95,349,107,209,NULL),
(96,'2022-09-20 22:36:32','2022-09-20 22:36:32',3,'동남아식/쌀/밀찜/다이어트','동남아식쌀밀찜다이어트',1,5,1,96,96,314,79,62,NULL),
(97,'2022-09-20 22:36:32','2022-09-20 22:36:32',4,'소고기/소고기무치기/기념일','소고기소고기무치기기념일',1,5,1,97,97,590,140,334,NULL),
(98,'2022-09-20 22:36:32','2022-09-20 22:36:32',4,'메인반찬/달걀/유제품끓이기/야식','메인반찬달걀유제품끓이기야식',1,5,1,98,98,170,137,192,NULL),
(99,'2022-09-20 22:36:32','2022-09-20 22:36:32',2,'면/국수/돼지고기무치기','면국수돼지고기무치기',1,5,1,99,99,463,140,293,NULL),
(100,'2022-09-20 22:36:32','2022-09-20 22:36:32',3,'양식/가공식품삶기','양식가공식품삶기',1,5,1,100,100,33,18,324,NULL),
(101,'2022-09-20 22:36:32','2022-09-20 22:36:32',2,'메인반찬/구황작물삶기/다이어트','메인반찬구황작물삶기다이어트',1,5,1,101,101,180,74,20,NULL),
(102,'2022-09-20 22:36:32','2022-09-20 22:36:32',3,'면/국수/생선류삶기/다이어트','면국수생선류삶기다이어트',1,5,1,102,102,520,36,255,NULL),
(103,'2022-09-20 22:36:32','2022-09-20 22:36:32',4,'장류/견과류/곡류데치기/해장','장류견과류곡류데치기해장',1,5,1,103,103,121,20,110,NULL),
(104,'2022-09-20 22:36:32','2022-09-20 22:36:32',3,'베이커리/생선류데치기/집들이','베이커리생선류데치기집들이',1,5,1,104,104,105,53,135,NULL),
(105,'2022-09-20 22:36:32','2022-09-20 22:36:32',5,'구황작물/구황작물굽기','구황작물구황작물굽기',1,5,1,105,105,483,26,170,NULL),
(106,'2022-09-20 22:36:32','2022-09-20 22:36:32',1,'밥/죽/닭고기찜/도시락','밥죽닭고기찜도시락',1,5,1,106,106,138,10,270,NULL),
(107,'2022-09-20 22:36:32','2022-09-20 22:36:32',5,'음료/차데치기/기념일','음료차데치기기념일',1,5,1,107,107,412,143,88,NULL),
(108,'2022-09-20 22:36:32','2022-09-20 22:36:32',5,'밑반찬/돼지고기무치기','밑반찬돼지고기무치기',1,5,1,108,108,485,24,291,NULL),
(109,'2022-09-20 22:36:32','2022-09-20 22:36:32',4,'중식/과일류끓이기/도시락','중식과일류끓이기도시락',1,5,1,109,109,660,162,188,NULL),
(110,'2022-09-20 22:36:32','2022-09-20 22:36:32',1,'음료/차/쌀/밀데치기/도시락','음료차쌀밀데치기도시락',1,5,1,110,110,159,52,241,NULL),
(111,'2022-09-20 22:36:32','2022-09-20 22:36:32',2,'밥/죽/버섯류끓이기/다이어트','밥죽버섯류끓이기다이어트',1,5,1,111,111,173,133,87,NULL),
(112,'2022-09-20 22:36:32','2022-09-20 22:36:32',1,'밑반찬/해조류볶기/간편식','밑반찬해조류볶기간편식',1,5,1,112,112,428,51,184,NULL),
(113,'2022-09-20 22:36:32','2022-09-20 22:36:32',1,'소스/양념/과일류/영양식','소스양념과일류영양식',1,5,1,113,113,436,172,253,NULL),
(114,'2022-09-20 22:36:32','2022-09-20 22:36:32',4,'양식/돼지고기삶기/영양식','양식돼지고기삶기영양식',1,5,1,114,114,197,6,342,NULL),
(115,'2022-09-20 22:36:32','2022-09-20 22:36:32',1,'동남아식/구황작물끓이기/도시락','동남아식구황작물끓이기도시락',1,5,1,115,115,320,160,22,NULL),
(116,'2022-09-20 22:36:32','2022-09-20 22:36:32',4,'돼지고기/돼지고기무치기/해장','돼지고기돼지고기무치기해장',1,5,1,116,116,411,183,131,NULL),
(117,'2022-09-20 22:36:32','2022-09-20 22:36:32',3,'동남아식/돼지고기끓이기/도시락','동남아식돼지고기끓이기도시락',1,5,1,117,117,188,27,187,NULL),
(118,'2022-09-20 22:36:32','2022-09-20 22:36:32',1,'밥/죽/돼지고기찜/간편식','밥죽돼지고기찜간편식',1,5,1,118,118,176,56,275,NULL),
(119,'2022-09-20 22:36:32','2022-09-20 22:36:32',4,'밑반찬/버섯류전/부침/술안주','밑반찬버섯류전부침술안주',1,5,1,119,119,134,18,33,NULL),
(120,'2022-09-20 22:36:32','2022-09-20 22:36:32',4,'음료/차/갑각류굽기/기념일','음료차갑각류굽기기념일',1,5,1,120,120,260,40,249,NULL),
(121,'2022-09-20 22:36:32','2022-09-20 22:36:32',5,'면/국수/갑각류조림','면국수갑각류조림',1,5,1,121,121,445,192,231,NULL),
(122,'2022-09-20 22:36:32','2022-09-20 22:36:32',3,'밑반찬/달걀/유제품찜','밑반찬달걀유제품찜',1,5,1,122,122,187,84,40,NULL),
(123,'2022-09-20 22:36:32','2022-09-20 22:36:32',5,'소스/양념/가공식품조림/야식','소스양념가공식품조림야식',1,5,1,123,123,322,64,86,NULL),
(124,'2022-09-20 22:36:32','2022-09-20 22:36:32',2,'양식/소고기무치기/도시락','양식소고기무치기도시락',1,5,1,124,124,533,55,223,NULL),
(125,'2022-09-20 22:36:32','2022-09-20 22:36:32',3,'면/국수/견과류/곡류데치기/야식','면국수견과류곡류데치기야식',1,5,1,125,125,187,72,311,NULL),
(126,'2022-09-20 22:36:32','2022-09-20 22:36:32',2,'한식/생선류데치기','한식생선류데치기',1,5,1,126,126,214,72,42,NULL),
(127,'2022-09-20 22:36:32','2022-09-20 22:36:32',1,'장류','장류',1,5,1,127,127,471,106,95,NULL),
(128,'2022-09-20 22:36:32','2022-09-20 22:36:32',2,'베이커리/가공식품끓이기/기념일','베이커리가공식품끓이기기념일',1,5,1,128,128,555,156,25,NULL),
(129,'2022-09-20 22:36:32','2022-09-20 22:36:32',4,'국/탕/찌게/돼지고기데치기/간편식','국탕찌게돼지고기데치기간편식',1,5,1,129,129,405,6,321,NULL),
(130,'2022-09-20 22:36:32','2022-09-20 22:36:32',4,'메인반찬/과일류굽기/술안주','메인반찬과일류굽기술안주',1,5,1,130,130,397,100,258,NULL),
(131,'2022-09-20 22:36:32','2022-09-20 22:36:32',1,'베이커리/달걀/유제품볶기/집들이','베이커리달걀유제품볶기집들이',1,5,1,131,131,325,39,261,NULL),
(132,'2022-09-20 22:36:32','2022-09-20 22:36:32',2,'밥/죽/버섯류데치기','밥죽버섯류데치기',1,5,1,132,132,74,32,191,NULL),
(133,'2022-09-20 22:36:32','2022-09-20 22:36:32',3,'국/탕/찌게/달걀/유제품볶기/도시락','국탕찌게달걀유제품볶기도시락',1,5,1,133,133,401,52,227,NULL),
(134,'2022-09-20 22:36:32','2022-09-20 22:36:32',3,'장류/버섯류/술안주','장류버섯류술안주',1,5,1,134,134,213,94,140,NULL),
(135,'2022-09-20 22:36:32','2022-09-20 22:36:32',2,'한식/돼지고기데치기/야식','한식돼지고기데치기야식',1,5,1,135,135,165,117,256,NULL),
(136,'2022-09-20 22:36:32','2022-09-20 22:36:32',4,'메인반찬/닭고기전/부침/술안주','메인반찬닭고기전부침술안주',1,5,1,136,136,562,181,110,NULL),
(137,'2022-09-20 22:36:32','2022-09-20 22:36:32',2,'국/탕/찌게데치기/기념일','국탕찌게데치기기념일',1,5,1,137,137,433,173,129,NULL),
(138,'2022-09-20 22:36:32','2022-09-20 22:36:32',1,'메인반찬/쌀/밀굽기','메인반찬쌀밀굽기',1,5,1,138,138,208,50,50,NULL),
(139,'2022-09-20 22:36:32','2022-09-20 22:36:32',5,'베이커리/견과류/곡류조림/해장','베이커리견과류곡류조림해장',1,5,1,139,139,203,193,137,NULL),
(140,'2022-09-20 22:36:32','2022-09-20 22:36:32',3,'동남아식/달걀/유제품찜/도시락','동남아식달걀유제품찜도시락',1,5,1,140,140,88,13,51,NULL),
(141,'2022-09-20 22:36:32','2022-09-20 22:36:32',3,'국/탕/찌게/해조류/집들이','국탕찌게해조류집들이',1,5,1,141,141,453,107,80,NULL),
(142,'2022-09-20 22:36:32','2022-09-20 22:36:32',3,'한식/해조류굽기/야식','한식해조류굽기야식',1,5,1,142,142,111,109,8,NULL),
(143,'2022-09-20 22:36:32','2022-09-20 22:36:32',4,'소스/양념/쌀/밀조림/간편식','소스양념쌀밀조림간편식',1,5,1,143,143,571,98,130,NULL),
(144,'2022-09-20 22:36:32','2022-09-20 22:36:32',2,'밥/죽/가공식품전/부침/기념일','밥죽가공식품전부침기념일',1,5,1,144,144,437,77,284,NULL),
(145,'2022-09-20 22:36:32','2022-09-20 22:36:32',5,'메인반찬/돼지고기튀김/술안주','메인반찬돼지고기튀김술안주',1,5,1,145,145,559,181,28,NULL),
(146,'2022-09-20 22:36:32','2022-09-20 22:36:32',2,'밑반찬/돼지고기끓이기/집들이','밑반찬돼지고기끓이기집들이',1,5,1,146,146,449,137,64,NULL),
(147,'2022-09-20 22:36:32','2022-09-20 22:36:32',1,'국/탕/찌게/버섯류굽기/다이어트','국탕찌게버섯류굽기다이어트',1,5,1,147,147,599,173,269,NULL),
(148,'2022-09-20 22:36:32','2022-09-20 22:36:32',4,'면/국수/해조류조림/영양식','면국수해조류조림영양식',1,5,1,148,148,241,50,328,NULL),
(149,'2022-09-20 22:36:32','2022-09-20 22:36:32',3,'동남아식/건어물류볶기/도시락','동남아식건어물류볶기도시락',1,5,1,149,149,365,188,309,NULL),
(150,'2022-09-20 22:36:32','2022-09-20 22:36:32',3,'밥/죽찜','밥죽찜',1,5,1,150,150,432,120,122,NULL),
(151,'2022-09-20 22:36:32','2022-09-20 22:36:32',4,'밑반찬/채소류찜/도시락','밑반찬채소류찜도시락',1,5,1,151,151,216,188,229,NULL),
(152,'2022-09-20 22:36:32','2022-09-20 22:36:32',4,'밑반찬/해조류볶기/도시락','밑반찬해조류볶기도시락',1,5,1,152,152,293,89,91,NULL),
(153,'2022-09-20 22:36:32','2022-09-20 22:36:32',4,'장류/갑각류볶기/해장','장류갑각류볶기해장',1,5,1,153,153,627,193,12,NULL),
(154,'2022-09-20 22:36:32','2022-09-20 22:36:32',4,'해조류/해조류조림/영양식','해조류해조류조림영양식',1,5,1,154,154,113,56,103,NULL),
(155,'2022-09-20 22:36:32','2022-09-20 22:36:32',5,'동남아식/구황작물끓이기/도시락','동남아식구황작물끓이기도시락',1,5,1,155,155,611,126,95,NULL),
(156,'2022-09-20 22:36:32','2022-09-20 22:36:32',4,'밑반찬/과일류볶기/해장','밑반찬과일류볶기해장',1,5,1,156,156,343,92,165,NULL),
(157,'2022-09-20 22:36:32','2022-09-20 22:36:32',5,'소스/양념/돼지고기전/부침/기념일','소스양념돼지고기전부침기념일',1,5,1,157,157,496,197,181,NULL),
(158,'2022-09-20 22:36:32','2022-09-20 22:36:32',1,'음료/차/해조류','음료차해조류',1,5,1,158,158,365,124,190,NULL),
(159,'2022-09-20 22:36:32','2022-09-20 22:36:32',5,'베이커리/소고기끓이기/야식','베이커리소고기끓이기야식',1,5,1,159,159,481,173,238,NULL),
(160,'2022-09-20 22:36:32','2022-09-20 22:36:32',1,'한식/닭고기/집들이','한식닭고기집들이',1,5,1,160,160,481,163,9,NULL),
(161,'2022-09-20 22:36:32','2022-09-20 22:36:32',3,'버섯류/버섯류끓이기/해장','버섯류버섯류끓이기해장',1,5,1,161,161,301,138,130,NULL),
(162,'2022-09-20 22:36:32','2022-09-20 22:36:32',2,'국/탕/찌게/갑각류찜/야식','국탕찌게갑각류찜야식',1,5,1,162,162,516,156,277,NULL),
(163,'2022-09-20 22:36:32','2022-09-20 22:36:32',5,'가공식품/가공식품/영양식','가공식품가공식품영양식',1,5,1,163,163,435,123,242,NULL),
(164,'2022-09-20 22:36:32','2022-09-20 22:36:32',1,'소스/양념/소고기조림','소스양념소고기조림',1,5,1,164,164,603,122,344,NULL),
(165,'2022-09-20 22:36:32','2022-09-20 22:36:32',2,'중식/해조류조림/영양식','중식해조류조림영양식',1,5,1,165,165,481,15,149,NULL),
(166,'2022-09-20 22:36:32','2022-09-20 22:36:32',3,'동남아식/돼지고기끓이기/기념일','동남아식돼지고기끓이기기념일',1,5,1,166,166,570,181,84,NULL),
(167,'2022-09-20 22:36:32','2022-09-20 22:36:32',3,'한식/갑각류삶기/도시락','한식갑각류삶기도시락',1,5,1,167,167,145,98,256,NULL),
(168,'2022-09-20 22:36:32','2022-09-20 22:36:32',1,'베이커리/과일류굽기/기념일','베이커리과일류굽기기념일',1,5,1,168,168,103,36,245,NULL),
(169,'2022-09-20 22:36:32','2022-09-20 22:36:32',5,'양식/과일류볶기','양식과일류볶기',1,5,1,169,169,387,193,253,NULL),
(170,'2022-09-20 22:36:32','2022-09-20 22:36:32',5,'베이커리/가공식품볶기/다이어트','베이커리가공식품볶기다이어트',1,5,1,170,170,414,144,151,NULL),
(171,'2022-09-20 22:36:32','2022-09-20 22:36:32',4,'소스/양념/닭고기볶기/영양식','소스양념닭고기볶기영양식',1,5,1,171,171,464,198,230,NULL),
(172,'2022-09-20 22:36:32','2022-09-20 22:36:32',4,'한식/건어물류/술안주','한식건어물류술안주',1,5,1,172,172,83,64,214,NULL),
(173,'2022-09-20 22:36:32','2022-09-20 22:36:32',1,'국/탕/찌게/돼지고기전/부침/도시락','국탕찌게돼지고기전부침도시락',1,5,1,173,173,316,21,237,NULL),
(174,'2022-09-20 22:36:32','2022-09-20 22:36:32',4,'면/국수/해조류데치기/집들이','면국수해조류데치기집들이',1,5,1,174,174,434,16,127,NULL),
(175,'2022-09-20 22:36:32','2022-09-20 22:36:32',2,'밥/죽/달걀/유제품데치기','밥죽달걀유제품데치기',1,5,1,175,175,318,114,266,NULL),
(176,'2022-09-20 22:36:32','2022-09-20 22:36:32',5,'한식/갑각류/간편식','한식갑각류간편식',1,5,1,176,176,284,19,67,NULL),
(177,'2022-09-20 22:36:32','2022-09-20 22:36:32',2,'동남아식/달걀/유제품조림/도시락','동남아식달걀유제품조림도시락',1,5,1,177,177,350,135,275,NULL),
(178,'2022-09-20 22:36:32','2022-09-20 22:36:32',5,'국/탕/찌게/돼지고기전/부침/기념일','국탕찌게돼지고기전부침기념일',1,5,1,178,178,462,182,62,NULL),
(179,'2022-09-20 22:36:32','2022-09-20 22:36:32',4,'한식/견과류/곡류삶기/다이어트','한식견과류곡류삶기다이어트',1,5,1,179,179,287,33,98,NULL),
(180,'2022-09-20 22:36:32','2022-09-20 22:36:32',2,'음료/차/건어물류삶기/야식','음료차건어물류삶기야식',1,5,1,180,180,612,183,256,NULL),
(181,'2022-09-20 22:36:32','2022-09-20 22:36:32',5,'국/탕/찌게/가공식품볶기/야식','국탕찌게가공식품볶기야식',1,5,1,181,181,563,182,124,NULL),
(182,'2022-09-20 22:36:32','2022-09-20 22:36:32',2,'동남아식/쌀/밀굽기','동남아식쌀밀굽기',1,5,1,182,182,128,9,55,NULL),
(183,'2022-09-20 22:36:32','2022-09-20 22:36:32',5,'베이커리/채소류굽기/술안주','베이커리채소류굽기술안주',1,5,1,183,183,584,131,276,NULL),
(184,'2022-09-20 22:36:32','2022-09-20 22:36:32',3,'밑반찬/생선류무치기/기념일','밑반찬생선류무치기기념일',1,5,1,184,184,601,197,195,NULL),
(185,'2022-09-20 22:36:32','2022-09-20 22:36:32',4,'밑반찬/소고기/야식','밑반찬소고기야식',1,5,1,185,185,331,167,174,NULL),
(186,'2022-09-20 22:36:32','2022-09-20 22:36:32',2,'국/탕/찌게/생선류찜/술안주','국탕찌게생선류찜술안주',1,5,1,186,186,300,195,135,NULL),
(187,'2022-09-20 22:36:32','2022-09-20 22:36:32',1,'가공식품/가공식품튀김/집들이','가공식품가공식품튀김집들이',1,5,1,187,187,33,1,304,NULL),
(188,'2022-09-20 22:36:32','2022-09-20 22:36:32',3,'양식/닭고기볶기/도시락','양식닭고기볶기도시락',1,5,1,188,188,412,66,10,NULL),
(189,'2022-09-20 22:36:32','2022-09-20 22:36:32',5,'베이커리/채소류조림/다이어트','베이커리채소류조림다이어트',1,5,1,189,189,164,32,249,NULL),
(190,'2022-09-20 22:36:32','2022-09-20 22:36:32',4,'한식/채소류삶기/기념일','한식채소류삶기기념일',1,5,1,190,190,137,16,92,NULL),
(191,'2022-09-20 22:36:32','2022-09-20 22:36:32',4,'중식/견과류/곡류데치기/다이어트','중식견과류곡류데치기다이어트',1,5,1,191,191,225,15,202,NULL),
(192,'2022-09-20 22:36:32','2022-09-20 22:36:32',2,'음료/차/돼지고기찜/간편식','음료차돼지고기찜간편식',1,5,1,192,192,318,133,203,NULL),
(193,'2022-09-20 22:36:32','2022-09-20 22:36:32',3,'밥/죽/소고기/다이어트','밥죽소고기다이어트',1,5,1,193,193,480,183,290,NULL),
(194,'2022-09-20 22:36:32','2022-09-20 22:36:32',4,'채소류/채소류데치기/기념일','채소류채소류데치기기념일',1,5,1,194,194,506,79,168,NULL),
(195,'2022-09-20 22:36:32','2022-09-20 22:36:32',1,'장류/생선류데치기/해장','장류생선류데치기해장',1,5,1,195,195,291,45,239,NULL),
(196,'2022-09-20 22:36:32','2022-09-20 22:36:32',5,'메인반찬/건어물류굽기/기념일','메인반찬건어물류굽기기념일',1,5,1,196,196,596,147,214,NULL),
(197,'2022-09-20 22:36:32','2022-09-20 22:36:32',4,'한식/건어물류삶기/다이어트','한식건어물류삶기다이어트',1,5,1,197,197,177,173,172,NULL),
(198,'2022-09-20 22:36:32','2022-09-20 22:36:32',2,'한식/가공식품데치기/간편식','한식가공식품데치기간편식',1,5,1,198,198,344,171,275,NULL),
(199,'2022-09-20 22:36:32','2022-09-20 22:36:32',4,'동남아식/해조류튀김/술안주','동남아식해조류튀김술안주',1,5,1,199,199,428,75,180,NULL),
(200,'2022-09-20 22:36:32','2022-09-20 22:36:32',3,'중식/생선류무치기/도시락','중식생선류무치기도시락',1,5,1,200,200,334,89,240,NULL),
(201,'2022-09-20 22:36:32','2022-09-20 22:36:32',4,'메인반찬/갑각류끓이기/영양식','메인반찬갑각류끓이기영양식',1,5,1,201,201,186,19,143,NULL),
(202,'2022-09-20 22:36:32','2022-09-20 22:36:32',4,'면/국수/달걀/유제품/해장','면국수달걀유제품해장',1,5,1,202,202,251,152,195,NULL),
(203,'2022-09-20 22:36:32','2022-09-20 22:36:32',3,'양식/버섯류전/부침/야식','양식버섯류전부침야식',1,5,1,203,203,594,103,317,NULL),
(204,'2022-09-20 22:36:32','2022-09-20 22:36:32',3,'양식/견과류/곡류튀김/기념일','양식견과류곡류튀김기념일',1,5,1,204,204,357,197,70,NULL),
(205,'2022-09-20 22:36:32','2022-09-20 22:36:32',5,'밑반찬/달걀/유제품/술안주','밑반찬달걀유제품술안주',1,5,1,205,205,332,8,212,NULL),
(206,'2022-09-20 22:36:32','2022-09-20 22:36:32',2,'국/탕/찌게/닭고기데치기/영양식','국탕찌게닭고기데치기영양식',1,5,1,206,206,323,181,245,NULL),
(207,'2022-09-20 22:36:32','2022-09-20 22:36:32',3,'동남아식/건어물류전/부침/간편식','동남아식건어물류전부침간편식',1,5,1,207,207,393,157,289,NULL),
(208,'2022-09-20 22:36:32','2022-09-20 22:36:32',2,'소고기/소고기삶기/영양식','소고기소고기삶기영양식',1,5,1,208,208,411,156,141,NULL),
(209,'2022-09-20 22:36:32','2022-09-20 22:36:32',3,'베이커리/갑각류튀김/도시락','베이커리갑각류튀김도시락',1,5,1,209,209,202,136,69,NULL),
(210,'2022-09-20 22:36:32','2022-09-20 22:36:32',1,'동남아식/건어물류데치기/집들이','동남아식건어물류데치기집들이',1,5,1,210,210,254,188,37,NULL),
(211,'2022-09-20 22:36:32','2022-09-20 22:36:32',1,'한식/소고기전/부침/간편식','한식소고기전부침간편식',1,5,1,211,211,272,141,75,NULL),
(212,'2022-09-20 22:36:32','2022-09-20 22:36:32',1,'면/국수/달걀/유제품찜','면국수달걀유제품찜',1,5,1,212,212,646,190,38,NULL),
(213,'2022-09-20 22:36:32','2022-09-20 22:36:32',2,'양식/견과류/곡류튀김/도시락','양식견과류곡류튀김도시락',1,5,1,213,213,524,139,47,NULL),
(214,'2022-09-20 22:36:32','2022-09-20 22:36:32',2,'면/국수/채소류전/부침','면국수채소류전부침',1,5,1,214,214,177,119,199,NULL),
(215,'2022-09-20 22:36:32','2022-09-20 22:36:32',2,'장류/생선류볶기','장류생선류볶기',1,5,1,215,215,145,13,210,NULL),
(216,'2022-09-20 22:36:32','2022-09-20 22:36:32',5,'장류/기념일','장류기념일',1,5,1,216,216,650,162,83,NULL),
(217,'2022-09-20 22:36:32','2022-09-20 22:36:32',2,'국/탕/찌게/채소류삶기','국탕찌게채소류삶기',1,5,1,217,217,195,153,39,NULL),
(218,'2022-09-20 22:36:32','2022-09-20 22:36:32',1,'소스/양념/돼지고기튀김','소스양념돼지고기튀김',1,5,1,218,218,295,51,329,NULL),
(219,'2022-09-20 22:36:32','2022-09-20 22:36:32',5,'중식/구황작물찜/해장','중식구황작물찜해장',1,5,1,219,219,284,188,302,NULL),
(220,'2022-09-20 22:36:32','2022-09-20 22:36:32',4,'장류/달걀/유제품삶기/야식','장류달걀유제품삶기야식',1,5,1,220,220,346,99,313,NULL),
(221,'2022-09-20 22:36:32','2022-09-20 22:36:32',1,'밑반찬/과일류튀김/집들이','밑반찬과일류튀김집들이',1,5,1,221,221,643,197,83,NULL),
(222,'2022-09-20 22:36:32','2022-09-20 22:36:32',2,'음료/차굽기/간편식','음료차굽기간편식',1,5,1,222,222,537,47,157,NULL),
(223,'2022-09-20 22:36:32','2022-09-20 22:36:32',3,'소스/양념볶기/기념일','소스양념볶기기념일',1,5,1,223,223,220,109,128,NULL),
(224,'2022-09-20 22:36:32','2022-09-20 22:36:32',4,'소고기/소고기삶기/영양식','소고기소고기삶기영양식',1,5,1,224,224,124,39,310,NULL),
(225,'2022-09-20 22:36:32','2022-09-20 22:36:32',5,'가공식품/가공식품굽기/해장','가공식품가공식품굽기해장',1,5,1,225,225,257,167,179,NULL),
(226,'2022-09-20 22:36:32','2022-09-20 22:36:32',3,'메인반찬/생선류볶기/집들이','메인반찬생선류볶기집들이',1,5,1,226,226,205,12,265,NULL),
(227,'2022-09-20 22:36:32','2022-09-20 22:36:32',5,'양식/닭고기볶기/기념일','양식닭고기볶기기념일',1,5,1,227,227,318,122,267,NULL),
(228,'2022-09-20 22:36:32','2022-09-20 22:36:32',3,'면/국수/생선류조림/기념일','면국수생선류조림기념일',1,5,1,228,228,599,198,229,NULL),
(229,'2022-09-20 22:36:32','2022-09-20 22:36:32',1,'소스/양념볶기/영양식','소스양념볶기영양식',1,5,1,229,229,477,60,187,NULL),
(230,'2022-09-20 22:36:32','2022-09-20 22:36:32',1,'밥/죽/구황작물튀김/집들이','밥죽구황작물튀김집들이',1,5,1,230,230,536,155,89,NULL),
(231,'2022-09-20 22:36:32','2022-09-20 22:36:32',2,'양식/쌀/밀/집들이','양식쌀밀집들이',1,5,1,231,231,346,191,5,NULL),
(232,'2022-09-20 22:36:32','2022-09-20 22:36:32',1,'면/국수/닭고기/기념일','면국수닭고기기념일',1,5,1,232,232,171,40,332,NULL),
(233,'2022-09-20 22:36:32','2022-09-20 22:36:32',2,'동남아식/닭고기끓이기/술안주','동남아식닭고기끓이기술안주',1,5,1,233,233,219,30,314,NULL),
(234,'2022-09-20 22:36:32','2022-09-20 22:36:32',3,'베이커리볶기/도시락','베이커리볶기도시락',1,5,1,234,234,57,7,166,NULL),
(235,'2022-09-20 22:36:32','2022-09-20 22:36:32',3,'소스/양념조림/간편식','소스양념조림간편식',1,5,1,235,235,239,56,334,NULL),
(236,'2022-09-20 22:36:32','2022-09-20 22:36:32',4,'중식/채소류삶기/도시락','중식채소류삶기도시락',1,5,1,236,236,453,189,295,NULL),
(237,'2022-09-20 22:36:32','2022-09-20 22:36:32',2,'동남아식/가공식품무치기/해장','동남아식가공식품무치기해장',1,5,1,237,237,351,79,153,NULL),
(238,'2022-09-20 22:36:32','2022-09-20 22:36:32',4,'장류/견과류/곡류찜/다이어트','장류견과류곡류찜다이어트',1,5,1,238,238,268,200,238,NULL),
(239,'2022-09-20 22:36:32','2022-09-20 22:36:32',4,'음료/차/갑각류찜/다이어트','음료차갑각류찜다이어트',1,5,1,239,239,105,81,343,NULL),
(240,'2022-09-20 22:36:32','2022-09-20 22:36:32',4,'견과류/곡류/견과류/곡류전/부침/영양식','견과류곡류견과류곡류전부침영양식',1,5,1,240,240,550,136,163,NULL),
(241,'2022-09-20 22:36:33','2022-09-20 22:36:33',1,'구황작물/구황작물굽기/기념일','구황작물구황작물굽기기념일',1,5,1,241,241,556,58,13,NULL),
(242,'2022-09-20 22:36:33','2022-09-20 22:36:33',2,'한식/돼지고기찜/도시락','한식돼지고기찜도시락',1,5,1,242,242,313,66,181,NULL),
(243,'2022-09-20 22:36:33','2022-09-20 22:36:33',1,'메인반찬/건어물류튀김/다이어트','메인반찬건어물류튀김다이어트',1,5,1,243,243,363,121,160,NULL),
(244,'2022-09-20 22:36:33','2022-09-20 22:36:33',2,'무치기/영양식','무치기영양식',1,5,1,244,244,567,97,12,NULL),
(245,'2022-09-20 22:36:33','2022-09-20 22:36:33',1,'밥/죽/견과류/곡류조림/집들이','밥죽견과류곡류조림집들이',1,5,1,245,245,265,145,182,NULL),
(246,'2022-09-20 22:36:33','2022-09-20 22:36:33',3,'장류조림/기념일','장류조림기념일',1,5,1,246,246,277,85,198,NULL),
(247,'2022-09-20 22:36:33','2022-09-20 22:36:33',4,'밑반찬/갑각류전/부침','밑반찬갑각류전부침',1,5,1,247,247,210,110,14,NULL),
(248,'2022-09-20 22:36:33','2022-09-20 22:36:33',5,'닭고기/닭고기','닭고기닭고기',1,5,1,248,248,535,111,225,NULL),
(249,'2022-09-20 22:36:33','2022-09-20 22:36:33',2,'밥/죽/채소류데치기/영양식','밥죽채소류데치기영양식',1,5,1,249,249,428,112,305,NULL),
(250,'2022-09-20 22:36:33','2022-09-20 22:36:33',4,'양식/돼지고기삶기/도시락','양식돼지고기삶기도시락',1,5,1,250,250,445,134,254,NULL),
(251,'2022-09-20 22:36:33','2022-09-20 22:36:33',3,'국/탕/찌게/해조류/기념일','국탕찌게해조류기념일',1,5,1,251,251,230,124,324,NULL),
(252,'2022-09-20 22:36:33','2022-09-20 22:36:33',2,'베이커리/달걀/유제품볶기/도시락','베이커리달걀유제품볶기도시락',1,5,1,252,252,251,154,24,NULL),
(253,'2022-09-20 22:36:33','2022-09-20 22:36:33',1,'장류/건어물류전/부침/해장','장류건어물류전부침해장',1,5,1,253,253,172,6,330,NULL),
(254,'2022-09-20 22:36:33','2022-09-20 22:36:33',5,'메인반찬/닭고기전/부침/해장','메인반찬닭고기전부침해장',1,5,1,254,254,163,124,93,NULL),
(255,'2022-09-20 22:36:33','2022-09-20 22:36:33',5,'양식/달걀/유제품데치기/기념일','양식달걀유제품데치기기념일',1,5,1,255,255,287,93,187,NULL),
(256,'2022-09-20 22:36:33','2022-09-20 22:36:33',1,'동남아식/돼지고기조림/술안주','동남아식돼지고기조림술안주',1,5,1,256,256,411,56,273,NULL),
(258,'2022-09-20 22:36:33','2022-09-20 22:36:33',1,'밑반찬/가공식품무치기/해장','밑반찬가공식품무치기해장',1,5,1,258,258,522,146,244,NULL),
(259,'2022-09-20 22:36:33','2022-09-20 22:36:33',1,'장류/채소류튀김/술안주','장류채소류튀김술안주',1,5,1,259,259,371,58,121,NULL),
(260,'2022-09-20 22:36:33','2022-09-20 22:36:33',4,'밑반찬/건어물류전/부침/간편식','밑반찬건어물류전부침간편식',1,5,1,260,260,611,173,97,NULL),
(261,'2022-09-20 22:36:33','2022-09-20 22:36:33',5,'국/탕/찌게/달걀/유제품조림/도시락','국탕찌게달걀유제품조림도시락',1,5,1,261,261,412,159,45,NULL),
(262,'2022-09-20 22:36:33','2022-09-20 22:36:33',5,'국/탕/찌게/달걀/유제품전/부침/다이어트','국탕찌게달걀유제품전부침다이어트',1,5,1,262,262,501,53,326,NULL),
(263,'2022-09-20 22:36:33','2022-09-20 22:36:33',4,'양식/생선류조림/집들이','양식생선류조림집들이',1,5,1,263,263,654,172,179,NULL),
(264,'2022-09-20 22:36:33','2022-09-20 22:36:33',4,'양식/해조류전/부침/해장','양식해조류전부침해장',1,5,1,264,264,261,194,113,NULL),
(265,'2022-09-20 22:36:33','2022-09-20 22:36:33',2,'음료/차/닭고기/술안주','음료차닭고기술안주',1,5,1,265,265,525,139,176,NULL),
(266,'2022-09-20 22:36:33','2022-09-20 22:36:33',4,'음료/차/달걀/유제품끓이기/해장','음료차달걀유제품끓이기해장',1,5,1,266,266,313,86,220,NULL),
(267,'2022-09-20 22:36:33','2022-09-20 22:36:33',3,'소스/양념/과일류/다이어트','소스양념과일류다이어트',1,5,1,267,267,652,172,141,NULL),
(268,'2022-09-20 22:36:33','2022-09-20 22:36:33',3,'베이커리/견과류/곡류무치기/술안주','베이커리견과류곡류무치기술안주',1,5,1,268,268,307,89,350,NULL),
(269,'2022-09-20 22:36:33','2022-09-20 22:36:33',4,'장류/과일류/영양식','장류과일류영양식',1,5,1,269,269,281,134,122,NULL),
(270,'2022-09-20 22:36:33','2022-09-20 22:36:33',1,'베이커리/버섯류굽기/영양식','베이커리버섯류굽기영양식',1,5,1,270,270,228,147,221,NULL),
(271,'2022-09-20 22:36:33','2022-09-20 22:36:33',3,'쌀/밀/쌀/밀찜/영양식','쌀밀쌀밀찜영양식',1,5,1,271,271,654,189,288,NULL),
(272,'2022-09-20 22:36:33','2022-09-20 22:36:33',5,'밑반찬/돼지고기조림/해장','밑반찬돼지고기조림해장',1,5,1,272,272,139,57,334,NULL),
(273,'2022-09-20 22:36:33','2022-09-20 22:36:33',1,'동남아식/구황작물굽기/도시락','동남아식구황작물굽기도시락',1,5,1,273,273,198,183,244,NULL),
(274,'2022-09-20 22:36:33','2022-09-20 22:36:33',3,'밑반찬/가공식품굽기','밑반찬가공식품굽기',1,5,1,274,274,478,150,226,NULL),
(275,'2022-09-20 22:36:33','2022-09-20 22:36:33',4,'장류/가공식품/영양식','장류가공식품영양식',1,5,1,275,275,293,198,2,NULL),
(276,'2022-09-20 22:36:33','2022-09-20 22:36:33',3,'소스/양념/가공식품조림/야식','소스양념가공식품조림야식',1,5,1,276,276,502,11,91,NULL),
(277,'2022-09-20 22:36:33','2022-09-20 22:36:33',2,'음료/차/구황작물조림/기념일','음료차구황작물조림기념일',1,5,1,277,277,197,27,313,NULL),
(278,'2022-09-20 22:36:33','2022-09-20 22:36:33',2,'장류/해조류전/부침','장류해조류전부침',1,5,1,278,278,387,13,224,NULL),
(279,'2022-09-20 22:36:33','2022-09-20 22:36:33',5,'국/탕/찌게/닭고기전/부침','국탕찌게닭고기전부침',1,5,1,279,279,361,1,37,NULL),
(280,'2022-09-20 22:36:33','2022-09-20 22:36:33',1,'한식/갑각류/간편식','한식갑각류간편식',1,5,1,280,280,281,102,82,NULL),
(281,'2022-09-20 22:36:33','2022-09-20 22:36:33',5,'소스/양념/가공식품볶기/간편식','소스양념가공식품볶기간편식',1,5,1,281,281,440,128,173,NULL),
(282,'2022-09-20 22:36:33','2022-09-20 22:36:33',5,'중식/건어물류무치기/간편식','중식건어물류무치기간편식',1,5,1,282,282,134,109,87,NULL),
(283,'2022-09-20 22:36:33','2022-09-20 22:36:33',5,'국/탕/찌게/가공식품데치기/영양식','국탕찌게가공식품데치기영양식',1,5,1,283,283,309,122,101,NULL),
(284,'2022-09-20 22:36:33','2022-09-20 22:36:33',5,'장류/생선류볶기/집들이','장류생선류볶기집들이',1,5,1,284,284,481,123,75,NULL),
(285,'2022-09-20 22:36:33','2022-09-20 22:36:33',2,'음료/차/건어물류/술안주','음료차건어물류술안주',1,5,1,285,285,275,44,158,NULL),
(286,'2022-09-20 22:36:33','2022-09-20 22:36:33',3,'국/탕/찌게/건어물류무치기/집들이','국탕찌게건어물류무치기집들이',1,5,1,286,286,197,119,220,NULL),
(287,'2022-09-20 22:36:33','2022-09-20 22:36:33',2,'메인반찬/견과류/곡류/야식','메인반찬견과류곡류야식',1,5,1,287,287,270,70,302,NULL),
(288,'2022-09-20 22:36:33','2022-09-20 22:36:33',1,'중식/가공식품찜/도시락','중식가공식품찜도시락',1,5,1,288,288,316,53,254,NULL),
(289,'2022-09-20 22:36:33','2022-09-20 22:36:33',2,'한식/건어물류무치기/기념일','한식건어물류무치기기념일',1,5,1,289,289,382,168,9,NULL),
(290,'2022-09-20 22:36:33','2022-09-20 22:36:33',3,'동남아식/해조류튀김/해장','동남아식해조류튀김해장',1,5,1,290,290,401,121,329,NULL),
(291,'2022-09-20 22:36:33','2022-09-20 22:36:33',2,'메인반찬/가공식품볶기/간편식','메인반찬가공식품볶기간편식',1,5,1,291,291,436,177,209,NULL),
(292,'2022-09-20 22:36:33','2022-09-20 22:36:33',5,'베이커리/해조류무치기/다이어트','베이커리해조류무치기다이어트',1,5,1,292,292,519,67,307,NULL),
(293,'2022-09-20 22:36:33','2022-09-20 22:36:33',5,'밑반찬/해조류볶기/영양식','밑반찬해조류볶기영양식',1,5,1,293,293,562,77,97,NULL),
(294,'2022-09-20 22:36:33','2022-09-20 22:36:33',4,'밑반찬/과일류튀김/집들이','밑반찬과일류튀김집들이',1,5,1,294,294,117,48,130,NULL),
(295,'2022-09-20 22:36:33','2022-09-20 22:36:33',3,'쌀/밀/쌀/밀찜/도시락','쌀밀쌀밀찜도시락',1,5,1,295,295,417,27,190,NULL),
(296,'2022-09-20 22:36:33','2022-09-20 22:36:33',4,'소스/양념/가공식품끓이기/도시락','소스양념가공식품끓이기도시락',1,5,1,296,296,307,64,335,NULL),
(297,'2022-09-20 22:36:33','2022-09-20 22:36:33',2,'메인반찬/쌀/밀조림/간편식','메인반찬쌀밀조림간편식',1,5,1,297,297,212,166,95,NULL),
(298,'2022-09-20 22:36:33','2022-09-20 22:36:33',5,'밥/죽/채소류무치기/해장','밥죽채소류무치기해장',1,5,1,298,298,672,175,197,NULL),
(299,'2022-09-20 22:36:33','2022-09-20 22:36:33',2,'중식/과일류조림/술안주','중식과일류조림술안주',1,5,1,299,299,382,36,74,NULL),
(300,'2022-09-20 22:36:33','2022-09-20 22:36:33',3,'메인반찬/갑각류찜/간편식','메인반찬갑각류찜간편식',1,5,1,300,300,345,104,334,NULL),
(301,'2022-09-20 22:36:33','2022-09-20 22:36:33',5,'베이커리/닭고기데치기/간편식','베이커리닭고기데치기간편식',1,5,1,301,301,215,44,78,NULL),
(302,'2022-09-20 22:36:33','2022-09-20 22:36:33',3,'면/국수/소고기굽기/도시락','면국수소고기굽기도시락',1,5,1,302,302,191,92,218,NULL),
(303,'2022-09-20 22:36:33','2022-09-20 22:36:33',4,'밥/죽/갑각류조림/다이어트','밥죽갑각류조림다이어트',1,5,1,303,303,150,149,292,NULL),
(304,'2022-09-20 23:07:51','2022-09-20 23:10:44',2,'갈치무조림','갈치조림',2,30,1,304,304,5,0,0,''),
(305,'2022-09-20 23:15:58','2022-09-20 23:15:58',2,'김치찜','김치찜',1,10,3,305,305,3,0,0,''),
(306,'2022-09-20 23:26:23','2022-09-20 23:26:23',2,'오리호박찜','가족끼리 저녁에 어때요?',4,120,2,306,306,1,0,0,'단단해도 문제는 없지만  부드러운 호박이면 시간을 줄일 수 있어요.');

/*Table structure for table `reply` */

DROP TABLE IF EXISTS `reply`;

CREATE TABLE `reply` (
  `id` int(10) unsigned NOT NULL AUTO_INCREMENT,
  `regDate` datetime NOT NULL,
  `updateDate` datetime NOT NULL,
  `memberId` int(10) unsigned NOT NULL,
  `relTypeCode` char(30) NOT NULL COMMENT '관련데이터타입코드',
  `relId` int(10) unsigned NOT NULL COMMENT '관련데이터번호',
  `body` text NOT NULL,
  PRIMARY KEY (`id`),
  KEY `relTypeCode` (`relTypeCode`,`relId`)
) ENGINE=InnoDB AUTO_INCREMENT=7 DEFAULT CHARSET=utf8mb4;

/*Data for the table `reply` */

insert  into `reply`(`id`,`regDate`,`updateDate`,`memberId`,`relTypeCode`,`relId`,`body`) values 
(1,'2022-09-20 22:36:22','2022-09-20 22:36:22',1,'recipe',1,'간단한게 먹기 좋아요 맛있어요!'),
(2,'2022-09-20 22:36:22','2022-09-20 22:36:22',1,'recipe',2,'오늘 저녁에 함 해봐야겠어요.'),
(3,'2022-09-20 22:36:22','2022-09-20 22:36:22',4,'recipe',3,'특별한 날 기분낼 때 좋네요~'),
(4,'2022-09-20 22:36:22','2022-09-20 22:36:22',5,'recipe',3,'불세기는 어느정도인가요?');

/*Table structure for table `scrapPoint` */

DROP TABLE IF EXISTS `scrapPoint`;

CREATE TABLE `scrapPoint` (
  `id` int(10) unsigned NOT NULL AUTO_INCREMENT,
  `regDate` datetime NOT NULL,
  `updateDate` datetime NOT NULL,
  `memberId` int(10) unsigned NOT NULL,
  `relTypeCode` char(30) NOT NULL COMMENT '관련데이터타입코드',
  `relId` int(10) unsigned NOT NULL COMMENT '관련데이터번호',
  `point` smallint(2) NOT NULL,
  PRIMARY KEY (`id`)
) ENGINE=InnoDB AUTO_INCREMENT=5 DEFAULT CHARSET=utf8mb4;

/*Data for the table `scrapPoint` */

insert  into `scrapPoint`(`id`,`regDate`,`updateDate`,`memberId`,`relTypeCode`,`relId`,`point`) values 
(1,'2022-09-20 22:36:22','2022-09-20 22:36:22',1,'recipe',1,1),
(2,'2022-09-20 22:36:22','2022-09-20 22:36:22',1,'recipe',2,1),
(3,'2022-09-20 22:36:22','2022-09-20 22:36:22',2,'recipe',1,1),
(4,'2022-09-20 22:36:22','2022-09-20 22:36:22',3,'recipe',3,1);

/* Procedure structure for procedure `dataGuideInsert` */

/*!50003 DROP PROCEDURE IF EXISTS  `dataGuideInsert` */;

DELIMITER $$

/*!50003 CREATE DEFINER=`korad`@`%` PROCEDURE `dataGuideInsert`()
BEGIN ## 시작    
DECLARE i INT DEFAULT 1; ## 시작값        
WHILE(i<=300) DO ## 반복문         
INSERT INTO guide ( regDate, updateDate, sortId, methodId, contentId, freeId )
VALUE (NOW(), NOW(), FLOOR(RAND() * 14), FLOOR(RAND() * 11), FLOOR(RAND() * 16), FLOOR(RAND() * 10));       
SET i=i+1;        
END WHILE; ## 반복 종료         
END */$$
DELIMITER ;

/* Procedure structure for procedure `dataIngredientInsert` */

/*!50003 DROP PROCEDURE IF EXISTS  `dataIngredientInsert` */;

DELIMITER $$

/*!50003 CREATE DEFINER=`korad`@`%` PROCEDURE `dataIngredientInsert`()
BEGIN ## 시작    
DECLARE i INT DEFAULT 1; ## 시작값        
WHILE(i<=300) DO ## 반복문         
INSERT INTO ingredient ( regDate, updateDate )
VALUE (NOW(), NOW());       
SET i=i+1;        
END WHILE; ## 반복 종료         
END */$$
DELIMITER ;

/* Procedure structure for procedure `dataRecipeInsert` */

/*!50003 DROP PROCEDURE IF EXISTS  `dataRecipeInsert` */;

DELIMITER $$

/*!50003 CREATE DEFINER=`korad`@`%` PROCEDURE `dataRecipeInsert`()
BEGIN ## 시작    
DECLARE i INT DEFAULT 1; ## 시작값        
WHILE(i<=300) DO ## 반복문         
INSERT INTO recipe ( regDate, updateDate, memberId, title, `body`) VALUE (NOW(), NOW(), FLOOR(RAND() * 5)+1, "", "");
SET i=i+1;        
END WHILE; ## 반복 종료         
END */$$
DELIMITER ;

/*!40101 SET SQL_MODE=@OLD_SQL_MODE */;
/*!40014 SET FOREIGN_KEY_CHECKS=@OLD_FOREIGN_KEY_CHECKS */;
/*!40014 SET UNIQUE_CHECKS=@OLD_UNIQUE_CHECKS */;
/*!40111 SET SQL_NOTES=@OLD_SQL_NOTES */;
