/*
SQLyog Community v13.1.8 (64 bit)
MySQL - 10.4.24-MariaDB : Database - YoriJori
*********************************************************************
*/

/*!40101 SET NAMES utf8 */;

/*!40101 SET SQL_MODE=''*/;

/*!40014 SET @OLD_UNIQUE_CHECKS=@@UNIQUE_CHECKS, UNIQUE_CHECKS=0 */;
/*!40014 SET @OLD_FOREIGN_KEY_CHECKS=@@FOREIGN_KEY_CHECKS, FOREIGN_KEY_CHECKS=0 */;
/*!40101 SET @OLD_SQL_MODE=@@SQL_MODE, SQL_MODE='NO_AUTO_VALUE_ON_ZERO' */;
/*!40111 SET @OLD_SQL_NOTES=@@SQL_NOTES, SQL_NOTES=0 */;
CREATE DATABASE /*!32312 IF NOT EXISTS*/`YoriJori` /*!40100 DEFAULT CHARACTER SET utf8mb4 */;

USE `YoriJori`;

/*Table structure for table `attr` */

DROP TABLE IF EXISTS `attr`;

CREATE TABLE `attr` (
  `id` int(10) unsigned NOT NULL AUTO_INCREMENT,
  `regDate` datetime NOT NULL,
  `updateDate` datetime NOT NULL,
  `relTypeCode` char(30) NOT NULL COMMENT '관련데이터타입코드',
  `relId` int(10) unsigned NOT NULL COMMENT '관련데이터번호',
  `typeCode` char(30) NOT NULL,
  `type2Code` char(70) NOT NULL,
  `value` text NOT NULL,
  `expireDate` datetime DEFAULT NULL,
  PRIMARY KEY (`id`),
  UNIQUE KEY `relTypeCode` (`relTypeCode`,`relId`,`typeCode`,`type2Code`),
  KEY `relTypeCode_2` (`relTypeCode`,`typeCode`,`type2Code`)
) ENGINE=InnoDB AUTO_INCREMENT=29 DEFAULT CHARSET=utf8mb4;

/*Data for the table `attr` */

insert  into `attr`(`id`,`regDate`,`updateDate`,`relTypeCode`,`relId`,`typeCode`,`type2Code`,`value`,`expireDate`) values 
(1,'2022-09-26 12:25:15','2022-09-26 12:25:15','member',4,'extra','memberModifyAuthKey','vikxp78hkp','2022-09-26 12:30:15'),
(2,'2022-09-26 20:17:36','2022-09-27 19:15:44','member',6,'extra','memberModifyAuthKey','v01zwf3w4n','2022-09-27 19:20:44'),
(7,'2022-09-27 08:59:23','2022-09-27 18:52:11','member',2,'extra','memberModifyAuthKey','xx2vbnafj0','2022-09-27 18:57:11'),
(21,'2022-09-27 11:17:03','2022-09-27 11:17:35','member',5,'extra','memberModifyAuthKey','3xjxg2i2jy','2022-09-27 11:22:35'),
(28,'2022-09-30 20:56:48','2022-09-30 20:56:48','member',7,'extra','memberModifyAuthKey','ez0f5omvx8','2022-09-30 21:01:48');

/*Table structure for table `board` */

DROP TABLE IF EXISTS `board`;

CREATE TABLE `board` (
  `id` int(10) unsigned NOT NULL AUTO_INCREMENT,
  `regDate` datetime NOT NULL,
  `updateDate` datetime NOT NULL,
  `code` char(50) NOT NULL COMMENT 'sort,method,content,free...',
  `boardName` char(50) NOT NULL COMMENT '종류,방법,재료,상황...',
  `delStatus` tinyint(1) unsigned NOT NULL DEFAULT 0 COMMENT '삭제여부(0=삭제전,1=삭제)',
  PRIMARY KEY (`id`),
  UNIQUE KEY `code` (`code`),
  UNIQUE KEY `boardName` (`boardName`)
) ENGINE=InnoDB AUTO_INCREMENT=5 DEFAULT CHARSET=utf8mb4;

/*Data for the table `board` */

insert  into `board`(`id`,`regDate`,`updateDate`,`code`,`boardName`,`delStatus`) values 
(1,'2022-09-26 12:10:35','2022-09-26 12:10:35','sort','종류',0),
(2,'2022-09-26 12:10:35','2022-09-26 12:10:35','method','방법',0),
(3,'2022-09-26 12:10:35','2022-09-26 12:10:35','content','재료',0),
(4,'2022-09-26 12:10:35','2022-09-26 12:10:35','free','상황',0);

/*Table structure for table `category` */

DROP TABLE IF EXISTS `category`;

CREATE TABLE `category` (
  `id` int(10) unsigned NOT NULL AUTO_INCREMENT,
  `regDate` datetime NOT NULL,
  `updateDate` datetime NOT NULL,
  `boardId` int(10) unsigned NOT NULL,
  `relId` int(10) unsigned NOT NULL,
  `name` char(50) NOT NULL,
  `delStatus` tinyint(1) unsigned NOT NULL DEFAULT 0 COMMENT '삭제여부(0=삭제전,1=삭제)',
  PRIMARY KEY (`id`),
  UNIQUE KEY `name` (`name`)
) ENGINE=InnoDB AUTO_INCREMENT=49 DEFAULT CHARSET=utf8mb4;

/*Data for the table `category` */

insert  into `category`(`id`,`regDate`,`updateDate`,`boardId`,`relId`,`name`,`delStatus`) values 
(1,'2022-09-26 12:10:35','2022-09-26 12:10:35',1,1,'밑반찬',0),
(2,'2022-09-26 12:10:35','2022-09-26 12:10:35',1,2,'메인반찬',0),
(3,'2022-09-26 12:10:35','2022-09-26 12:10:35',1,3,'국/탕/찌게',0),
(4,'2022-09-26 12:10:35','2022-09-26 12:10:35',1,4,'밥/죽',0),
(5,'2022-09-26 12:10:35','2022-09-26 12:10:35',1,5,'면/국수',0),
(6,'2022-09-26 12:10:35','2022-09-26 12:10:35',1,6,'장류',0),
(7,'2022-09-26 12:10:35','2022-09-26 12:10:35',1,7,'소스/양념',0),
(8,'2022-09-26 12:10:35','2022-09-26 12:10:35',1,8,'한식',0),
(9,'2022-09-26 12:10:35','2022-09-26 12:10:35',1,9,'중식',0),
(10,'2022-09-26 12:10:35','2022-09-26 12:10:35',1,10,'일식',0),
(11,'2022-09-26 12:10:35','2022-09-26 12:10:35',1,11,'양식',0),
(12,'2022-09-26 12:10:35','2022-09-26 12:10:35',1,12,'동남아식',0),
(13,'2022-09-26 12:10:35','2022-09-26 12:10:35',1,13,'베이커리',0),
(14,'2022-09-26 12:10:35','2022-09-26 12:10:35',1,14,'음료/차',0),
(15,'2022-09-26 12:10:35','2022-09-26 12:10:35',2,1,'볶기',0),
(16,'2022-09-26 12:10:35','2022-09-26 12:10:35',2,2,'굽기',0),
(17,'2022-09-26 12:10:35','2022-09-26 12:10:35',2,3,'끓이기',0),
(18,'2022-09-26 12:10:35','2022-09-26 12:10:35',2,4,'찜',0),
(19,'2022-09-26 12:10:35','2022-09-26 12:10:35',2,5,'조림',0),
(20,'2022-09-26 12:10:35','2022-09-26 12:10:35',2,6,'튀김',0),
(21,'2022-09-26 12:10:35','2022-09-26 12:10:35',2,7,'삶기',0),
(22,'2022-09-26 12:10:35','2022-09-26 12:10:35',2,8,'데치기',0),
(23,'2022-09-26 12:10:35','2022-09-26 12:10:35',2,9,'무치기',0),
(24,'2022-09-26 12:10:35','2022-09-26 12:10:35',2,10,'전/부침',0),
(25,'2022-09-26 12:10:35','2022-09-26 12:10:35',3,1,'소고기',0),
(26,'2022-09-26 12:10:35','2022-09-26 12:10:35',3,2,'돼지고기',0),
(27,'2022-09-26 12:10:35','2022-09-26 12:10:35',3,3,'닭고기',0),
(28,'2022-09-26 12:10:35','2022-09-26 12:10:35',3,4,'생선류',0),
(29,'2022-09-26 12:10:35','2022-09-26 12:10:35',3,5,'갑각류',0),
(30,'2022-09-26 12:10:35','2022-09-26 12:10:35',3,6,'해조류',0),
(31,'2022-09-26 12:10:35','2022-09-26 12:10:35',3,7,'건어물류',0),
(32,'2022-09-26 12:10:35','2022-09-26 12:10:35',3,8,'과일류',0),
(33,'2022-09-26 12:10:35','2022-09-26 12:10:35',3,9,'채소류',0),
(34,'2022-09-26 12:10:35','2022-09-26 12:10:35',3,10,'버섯류',0),
(35,'2022-09-26 12:10:35','2022-09-26 12:10:35',3,11,'견과류/곡류',0),
(36,'2022-09-26 12:10:35','2022-09-26 12:10:35',3,12,'쌀/밀',0),
(37,'2022-09-26 12:10:35','2022-09-26 12:10:35',3,13,'달걀/유제품',0),
(38,'2022-09-26 12:10:35','2022-09-26 12:10:35',3,14,'구황작물',0),
(39,'2022-09-26 12:10:35','2022-09-26 12:10:35',3,15,'가공식품',0),
(40,'2022-09-26 12:10:35','2022-09-26 12:10:35',4,1,'술안주',0),
(41,'2022-09-26 12:10:35','2022-09-26 12:10:35',4,2,'해장',0),
(42,'2022-09-26 12:10:35','2022-09-26 12:10:35',4,3,'야식',0),
(43,'2022-09-26 12:10:35','2022-09-26 12:10:35',4,4,'다이어트',0),
(44,'2022-09-26 12:10:35','2022-09-26 12:10:35',4,5,'간편식',0),
(45,'2022-09-26 12:10:35','2022-09-26 12:10:35',4,6,'영양식',0),
(46,'2022-09-26 12:10:35','2022-09-26 12:10:35',4,7,'도시락',0),
(47,'2022-09-26 12:10:35','2022-09-26 12:10:35',4,8,'기념일',0),
(48,'2022-09-26 12:10:35','2022-09-26 12:10:35',4,9,'집들이',0);

/*Table structure for table `cookingOrder` */

DROP TABLE IF EXISTS `cookingOrder`;

CREATE TABLE `cookingOrder` (
  `id` int(10) unsigned NOT NULL AUTO_INCREMENT,
  `regDate` datetime NOT NULL,
  `updateDate` datetime NOT NULL,
  `recipeId` int(10) unsigned NOT NULL,
  `orderBody` text NOT NULL,
  PRIMARY KEY (`id`)
) ENGINE=InnoDB AUTO_INCREMENT=3 DEFAULT CHARSET=utf8mb4;

/*Data for the table `cookingOrder` */

insert  into `cookingOrder`(`id`,`regDate`,`updateDate`,`recipeId`,`orderBody`) values 
(1,'2022-10-04 03:16:09','2022-10-04 03:16:09',311,'# qqqqq\r\n**aaaa**\r\n<span style=\"color: #d8401b\">dd*fdf*dfdf</span>\r\n1. zxzxcz\r\n        * awad\r\n* [ ] zxvzxcv'),
(2,'2022-10-04 03:43:46','2022-10-05 19:23:22',312,'# 1. 양파썰고\r\n# 2. 고기 썰고\r\n# 3. [ ] 양념 버무려서 5분 두고\r\n# 4. 팬을 달군뒤 대파, 마늘을 볶고\r\n# 5. 고기를 넣고, **<span style=\"color: #f8f8f8\">양념에 눌리듯이</span>** 볶기');

/*Table structure for table `genFile` */

DROP TABLE IF EXISTS `genFile`;

CREATE TABLE `genFile` (
  `id` int(10) unsigned NOT NULL AUTO_INCREMENT,
  `regDate` datetime DEFAULT NULL,
  `updateDate` datetime DEFAULT NULL,
  `delDate` datetime DEFAULT NULL,
  `delStatus` tinyint(1) unsigned NOT NULL DEFAULT 0,
  `relTypeCode` char(50) NOT NULL,
  `relId` int(10) unsigned NOT NULL,
  `originFileName` varchar(100) NOT NULL,
  `fileExt` char(10) NOT NULL,
  `typeCode` char(20) NOT NULL,
  `type2Code` char(20) NOT NULL,
  `fileSize` int(10) unsigned NOT NULL,
  `fileExtTypeCode` char(10) NOT NULL,
  `fileExtType2Code` char(10) NOT NULL,
  `fileNo` smallint(2) unsigned NOT NULL,
  `fileDir` char(20) NOT NULL,
  PRIMARY KEY (`id`),
  KEY `relId` (`relTypeCode`,`relId`,`typeCode`,`type2Code`,`fileNo`)
) ENGINE=InnoDB AUTO_INCREMENT=32 DEFAULT CHARSET=utf8mb4;

/*Data for the table `genFile` */

insert  into `genFile`(`id`,`regDate`,`updateDate`,`delDate`,`delStatus`,`relTypeCode`,`relId`,`originFileName`,`fileExt`,`typeCode`,`type2Code`,`fileSize`,`fileExtTypeCode`,`fileExtType2Code`,`fileNo`,`fileDir`) values 
(4,'2022-09-27 11:14:49','2022-09-27 11:14:49',NULL,0,'member',2,'이몽룡.jpg','jpg','extra','profileImg',58662,'img','jpg',1,'2022_09'),
(5,'2022-09-27 11:17:13','2022-09-27 11:17:13',NULL,0,'member',5,'홍길동.jpg','jpg','extra','profileImg',128276,'img','jpg',1,'2022_09'),
(8,'2022-09-27 12:45:37','2022-09-27 12:45:37',NULL,0,'member',3,'성춘향3.jpg','jpg','extra','profileImg',103197,'img','jpg',1,'2022_09'),
(12,'2022-09-27 19:26:36','2022-09-27 19:26:36',NULL,0,'member',6,'오구.png','png','extra','profileImg',15166,'img','png',1,'2022_09'),
(15,'2022-09-27 22:13:22','2022-09-27 22:13:22',NULL,0,'recipe',305,'KakaoTalk_20220823_050523863_07.jpg','jpg','extra','mainRecipeImg',642157,'img','jpg',1,'2022_09'),
(18,'2022-09-27 23:05:55','2022-09-27 23:05:55',NULL,0,'recipe',296,'닭도리탕.jpg','jpg','extra','mainRecipeImg',113620,'img','jpg',1,'2022_09'),
(19,'2022-09-28 19:22:34','2022-09-28 19:22:34',NULL,0,'recipe',297,'돼지고기구이.jpg','jpg','extra','mainRecipeImg',127835,'img','jpg',1,'2022_09'),
(20,'2022-09-29 19:17:43','2022-09-29 19:17:43',NULL,0,'member',10,'eat.png','png','extra','profileImg',71801,'img','png',1,'2022_09'),
(22,'2022-09-29 22:58:07','2022-09-29 22:58:07',NULL,0,'reply',18,'돼지고기구이.jpg','jpg','extra','reviewImg',127835,'img','jpg',1,'2022_09'),
(26,'2022-09-29 23:13:54','2022-09-29 23:13:54',NULL,0,'reply',17,'오이소박이.jpg','jpg','extra','reviewImg',226260,'img','jpg',1,'2022_09'),
(27,'2022-09-29 23:14:42','2022-09-29 23:14:42',NULL,0,'reply',19,'돼지고기구이.jpg','jpg','extra','reviewImg',127835,'img','jpg',1,'2022_09'),
(28,'2022-09-29 23:20:21','2022-09-29 23:20:21',NULL,0,'reply',20,'중화채소볶음.jfif','jfif','extra','reviewImg',196286,'etc','etc',1,'2022_09'),
(29,'2022-09-30 20:57:06','2022-09-30 20:57:06',NULL,0,'member',7,'셰프01.jpg','jpg','extra','profileImg',34790,'img','jpg',1,'2022_09'),
(30,'2022-10-01 00:50:31','2022-10-01 00:50:31',NULL,0,'recipe',306,'오리훈제.jpg','jpg','extra','mainRecipeImg',209961,'img','jpg',1,'2022_10'),
(31,'2022-10-04 03:55:58','2022-10-04 03:55:58',NULL,0,'recipe',312,'제육볶음.jpg','jpg','extra','mainRecipeImg',214969,'img','jpg',1,'2022_10');

/*Table structure for table `guide` */

DROP TABLE IF EXISTS `guide`;

CREATE TABLE `guide` (
  `id` int(10) unsigned NOT NULL AUTO_INCREMENT,
  `regDate` datetime NOT NULL,
  `updateDate` datetime NOT NULL,
  `recipeId` int(10) unsigned NOT NULL DEFAULT 0,
  `sortId` int(10) unsigned NOT NULL DEFAULT 0,
  `methodId` int(10) unsigned NOT NULL DEFAULT 0,
  `contentId` int(10) unsigned NOT NULL DEFAULT 0,
  `freeId` int(10) unsigned NOT NULL DEFAULT 0,
  `delStatus` tinyint(1) unsigned NOT NULL DEFAULT 0 COMMENT '삭제여부(0=삭제전,1=삭제)',
  PRIMARY KEY (`id`)
) ENGINE=InnoDB AUTO_INCREMENT=313 DEFAULT CHARSET=utf8mb4;

/*Data for the table `guide` */

insert  into `guide`(`id`,`regDate`,`updateDate`,`recipeId`,`sortId`,`methodId`,`contentId`,`freeId`,`delStatus`) values 
(1,'2022-09-26 12:10:36','2022-09-26 12:10:36',1,1,1,13,5,0),
(2,'2022-09-26 12:10:36','2022-09-26 12:10:36',2,8,4,1,6,0),
(3,'2022-09-26 12:10:36','2022-09-26 12:10:36',3,5,1,12,5,0),
(4,'2022-09-26 12:10:55','2022-09-26 12:10:55',4,7,5,13,7,0),
(5,'2022-09-26 12:10:55','2022-09-26 12:10:55',5,0,10,13,1,0),
(6,'2022-09-26 12:10:55','2022-09-26 12:10:55',6,7,9,15,0,0),
(7,'2022-09-26 12:10:55','2022-09-26 12:10:55',7,5,9,0,5,0),
(8,'2022-09-26 12:10:55','2022-09-26 12:10:55',8,8,1,3,4,0),
(9,'2022-09-26 12:10:55','2022-09-26 12:10:55',9,12,9,9,4,0),
(10,'2022-09-26 12:10:55','2022-09-26 12:10:55',10,4,2,6,2,0),
(11,'2022-09-26 12:10:55','2022-09-26 12:10:55',11,2,9,15,1,0),
(12,'2022-09-26 12:10:55','2022-09-26 12:10:55',12,14,2,5,0,0),
(13,'2022-09-26 12:10:55','2022-09-26 12:10:55',13,14,10,14,5,0),
(14,'2022-09-26 12:10:55','2022-09-26 12:10:55',14,12,8,6,6,0),
(15,'2022-09-26 12:10:55','2022-09-26 12:10:55',15,3,0,6,1,0),
(16,'2022-09-26 12:10:55','2022-09-26 12:10:55',16,3,8,3,8,0),
(17,'2022-09-26 12:10:55','2022-09-26 12:10:55',17,7,10,7,3,0),
(18,'2022-09-26 12:10:55','2022-09-26 12:10:55',18,8,6,2,1,0),
(19,'2022-09-26 12:10:55','2022-09-26 12:10:55',19,0,9,5,9,0),
(20,'2022-09-26 12:10:55','2022-09-26 12:10:55',20,12,2,12,1,0),
(21,'2022-09-26 12:10:55','2022-09-26 12:10:55',21,5,3,6,2,0),
(22,'2022-09-26 12:10:55','2022-09-26 12:10:55',22,12,4,9,8,0),
(23,'2022-09-26 12:10:55','2022-09-26 12:10:55',23,8,3,10,3,0),
(24,'2022-09-26 12:10:55','2022-09-26 12:10:55',24,14,8,1,9,0),
(25,'2022-09-26 12:10:55','2022-09-26 12:10:55',25,8,10,15,9,0),
(26,'2022-09-26 12:10:55','2022-09-26 12:10:55',26,14,10,12,9,0),
(27,'2022-09-26 12:10:55','2022-09-26 12:10:55',27,9,1,14,1,0),
(28,'2022-09-26 12:10:55','2022-09-26 12:10:55',28,12,9,15,1,0),
(29,'2022-09-26 12:10:55','2022-09-26 12:10:55',29,14,1,15,3,0),
(30,'2022-09-26 12:10:55','2022-09-26 12:10:55',30,0,1,7,9,0),
(31,'2022-09-26 12:10:55','2022-09-26 12:10:55',31,7,6,5,9,0),
(32,'2022-09-26 12:10:55','2022-09-26 12:10:55',32,13,5,11,1,0),
(33,'2022-09-26 12:10:55','2022-09-26 12:10:55',33,10,9,6,3,0),
(34,'2022-09-26 12:10:55','2022-09-26 12:10:55',34,8,8,2,4,0),
(35,'2022-09-26 12:10:55','2022-09-26 12:10:55',35,14,3,11,7,0),
(36,'2022-09-26 12:10:55','2022-09-26 12:10:55',36,8,5,15,3,0),
(37,'2022-09-26 12:10:55','2022-09-26 12:10:55',37,8,10,3,2,0),
(38,'2022-09-26 12:10:55','2022-09-26 12:10:55',38,5,0,4,2,0),
(39,'2022-09-26 12:10:55','2022-09-26 12:10:55',39,5,10,13,2,0),
(40,'2022-09-26 12:10:55','2022-09-26 12:10:55',40,10,9,2,1,0),
(41,'2022-09-26 12:10:55','2022-09-26 12:10:55',41,2,5,14,0,0),
(42,'2022-09-26 12:10:55','2022-09-26 12:10:55',42,9,0,1,4,0),
(43,'2022-09-26 12:10:55','2022-09-26 12:10:55',43,11,7,4,0,0),
(44,'2022-09-26 12:10:55','2022-09-26 12:10:55',44,10,1,13,5,0),
(45,'2022-09-26 12:10:55','2022-09-26 12:10:55',45,7,7,1,3,0),
(46,'2022-09-26 12:10:55','2022-09-26 12:10:55',46,4,4,6,6,0),
(47,'2022-09-26 12:10:55','2022-09-26 12:10:55',47,0,1,11,1,0),
(48,'2022-09-26 12:10:55','2022-09-26 12:10:55',48,8,4,6,8,0),
(49,'2022-09-26 12:10:55','2022-09-26 12:10:55',49,14,1,1,8,0),
(50,'2022-09-26 12:10:55','2022-09-26 12:10:55',50,14,3,8,8,0),
(51,'2022-09-26 12:10:55','2022-09-26 12:10:55',51,11,1,6,5,0),
(52,'2022-09-26 12:10:55','2022-09-26 12:10:55',52,8,1,0,6,0),
(53,'2022-09-26 12:10:55','2022-09-26 12:10:55',53,2,9,11,1,0),
(54,'2022-09-26 12:10:55','2022-09-26 12:10:55',54,10,9,2,1,0),
(55,'2022-09-26 12:10:55','2022-09-26 12:10:55',55,7,9,11,0,0),
(56,'2022-09-26 12:10:55','2022-09-26 12:10:55',56,2,7,11,7,0),
(57,'2022-09-26 12:10:55','2022-09-26 12:10:55',57,6,9,1,7,0),
(58,'2022-09-26 12:10:55','2022-09-26 12:10:55',58,10,3,4,4,0),
(59,'2022-09-26 12:10:55','2022-09-26 12:10:55',59,7,0,10,1,0),
(60,'2022-09-26 12:10:55','2022-09-26 12:10:55',60,14,3,11,6,0),
(61,'2022-09-26 12:10:55','2022-09-26 12:10:55',61,2,7,2,6,0),
(62,'2022-09-26 12:10:55','2022-09-26 12:10:55',62,12,1,4,8,0),
(63,'2022-09-26 12:10:55','2022-09-26 12:10:55',63,8,1,3,4,0),
(64,'2022-09-26 12:10:55','2022-09-26 12:10:55',64,12,9,9,4,0),
(65,'2022-09-26 12:10:55','2022-09-26 12:10:55',65,6,9,1,8,0),
(66,'2022-09-26 12:10:55','2022-09-26 12:10:55',66,13,9,14,7,0),
(67,'2022-09-26 12:10:55','2022-09-26 12:10:55',67,13,4,5,5,0),
(68,'2022-09-26 12:10:55','2022-09-26 12:10:55',68,13,6,2,0,0),
(69,'2022-09-26 12:10:55','2022-09-26 12:10:55',69,14,6,2,9,0),
(70,'2022-09-26 12:10:55','2022-09-26 12:10:55',70,3,3,0,1,0),
(71,'2022-09-26 12:10:55','2022-09-26 12:10:55',71,9,7,6,0,0),
(72,'2022-09-26 12:10:55','2022-09-26 12:10:55',72,0,10,13,2,0),
(73,'2022-09-26 12:10:55','2022-09-26 12:10:55',73,11,1,7,9,0),
(74,'2022-09-26 12:10:55','2022-09-26 12:10:55',74,2,10,4,5,0),
(75,'2022-09-26 12:10:55','2022-09-26 12:10:55',75,13,10,14,8,0),
(76,'2022-09-26 12:10:55','2022-09-26 12:10:55',76,6,7,15,7,0),
(77,'2022-09-26 12:10:55','2022-09-26 12:10:55',77,13,3,10,5,0),
(78,'2022-09-26 12:10:55','2022-09-26 12:10:55',78,10,7,9,9,0),
(79,'2022-09-26 12:10:55','2022-09-26 12:10:55',79,12,3,1,4,0),
(80,'2022-09-26 12:10:55','2022-09-26 12:10:55',80,1,10,11,5,0),
(81,'2022-09-26 12:10:55','2022-09-26 12:10:55',81,10,9,5,1,0),
(82,'2022-09-26 12:10:55','2022-09-26 12:10:55',82,7,2,10,4,0),
(83,'2022-09-26 12:10:55','2022-09-26 12:10:55',83,3,10,15,1,0),
(84,'2022-09-26 12:10:55','2022-09-26 12:10:55',84,9,8,13,9,0),
(85,'2022-09-26 12:10:55','2022-09-26 12:10:55',85,6,2,10,7,0),
(86,'2022-09-26 12:10:55','2022-09-26 12:10:55',86,13,0,10,2,0),
(87,'2022-09-26 12:10:55','2022-09-26 12:10:55',87,0,7,0,2,0),
(88,'2022-09-26 12:10:55','2022-09-26 12:10:55',88,4,6,3,2,0),
(89,'2022-09-26 12:10:55','2022-09-26 12:10:55',89,11,9,15,2,0),
(90,'2022-09-26 12:10:55','2022-09-26 12:10:55',90,4,9,7,6,0),
(91,'2022-09-26 12:10:55','2022-09-26 12:10:55',91,10,7,3,1,0),
(92,'2022-09-26 12:10:55','2022-09-26 12:10:55',92,2,1,7,8,0),
(93,'2022-09-26 12:10:55','2022-09-26 12:10:55',93,13,9,9,5,0),
(94,'2022-09-26 12:10:55','2022-09-26 12:10:55',94,10,0,2,7,0),
(95,'2022-09-26 12:10:55','2022-09-26 12:10:55',95,14,8,1,1,0),
(96,'2022-09-26 12:10:55','2022-09-26 12:10:55',96,5,3,7,5,0),
(97,'2022-09-26 12:10:55','2022-09-26 12:10:55',97,5,1,8,2,0),
(98,'2022-09-26 12:10:55','2022-09-26 12:10:55',98,10,8,10,0,0),
(99,'2022-09-26 12:10:55','2022-09-26 12:10:55',99,2,7,15,8,0),
(100,'2022-09-26 12:10:55','2022-09-26 12:10:55',100,2,3,0,2,0),
(101,'2022-09-26 12:10:55','2022-09-26 12:10:55',101,14,2,3,5,0),
(102,'2022-09-26 12:10:55','2022-09-26 12:10:55',102,14,3,6,2,0),
(103,'2022-09-26 12:10:55','2022-09-26 12:10:55',103,2,0,11,2,0),
(104,'2022-09-26 12:10:55','2022-09-26 12:10:55',104,6,2,14,8,0),
(105,'2022-09-26 12:10:55','2022-09-26 12:10:55',105,7,10,1,8,0),
(106,'2022-09-26 12:10:55','2022-09-26 12:10:55',106,10,0,1,4,0),
(107,'2022-09-26 12:10:55','2022-09-26 12:10:55',107,14,3,14,5,0),
(108,'2022-09-26 12:10:55','2022-09-26 12:10:55',108,0,5,9,2,0),
(109,'2022-09-26 12:10:55','2022-09-26 12:10:55',109,9,2,4,8,0),
(110,'2022-09-26 12:10:55','2022-09-26 12:10:55',110,4,9,8,0,0),
(111,'2022-09-26 12:10:55','2022-09-26 12:10:55',111,12,9,10,7,0),
(112,'2022-09-26 12:10:55','2022-09-26 12:10:55',112,14,4,0,1,0),
(113,'2022-09-26 12:10:55','2022-09-26 12:10:55',113,10,10,12,8,0),
(114,'2022-09-26 12:10:55','2022-09-26 12:10:55',114,1,8,10,8,0),
(115,'2022-09-26 12:10:55','2022-09-26 12:10:55',115,7,10,1,6,0),
(116,'2022-09-26 12:10:55','2022-09-26 12:10:55',116,13,5,14,9,0),
(117,'2022-09-26 12:10:55','2022-09-26 12:10:55',117,14,1,13,6,0),
(118,'2022-09-26 12:10:55','2022-09-26 12:10:55',118,14,6,3,3,0),
(119,'2022-09-26 12:10:55','2022-09-26 12:10:55',119,0,2,13,7,0),
(120,'2022-09-26 12:10:55','2022-09-26 12:10:55',120,14,7,11,3,0),
(121,'2022-09-26 12:10:55','2022-09-26 12:10:55',121,11,7,0,1,0),
(122,'2022-09-26 12:10:55','2022-09-26 12:10:55',122,11,3,6,0,0),
(123,'2022-09-26 12:10:55','2022-09-26 12:10:55',123,0,10,13,2,0),
(124,'2022-09-26 12:10:55','2022-09-26 12:10:55',124,10,8,12,5,0),
(125,'2022-09-26 12:10:55','2022-09-26 12:10:55',125,4,10,15,8,0),
(126,'2022-09-26 12:10:55','2022-09-26 12:10:55',126,8,0,7,4,0),
(127,'2022-09-26 12:10:55','2022-09-26 12:10:55',127,10,0,5,4,0),
(128,'2022-09-26 12:10:55','2022-09-26 12:10:55',128,5,4,15,5,0),
(129,'2022-09-26 12:10:55','2022-09-26 12:10:55',129,14,1,9,6,0),
(130,'2022-09-26 12:10:55','2022-09-26 12:10:55',130,5,0,1,2,0),
(131,'2022-09-26 12:10:55','2022-09-26 12:10:55',131,0,5,8,9,0),
(132,'2022-09-26 12:10:55','2022-09-26 12:10:55',132,4,5,9,4,0),
(133,'2022-09-26 12:10:55','2022-09-26 12:10:55',133,5,5,5,2,0),
(134,'2022-09-26 12:10:55','2022-09-26 12:10:55',134,5,10,8,8,0),
(135,'2022-09-26 12:10:55','2022-09-26 12:10:55',135,12,6,5,9,0),
(136,'2022-09-26 12:10:55','2022-09-26 12:10:55',136,9,5,11,8,0),
(137,'2022-09-26 12:10:55','2022-09-26 12:10:55',137,1,10,11,4,0),
(138,'2022-09-26 12:10:55','2022-09-26 12:10:55',138,2,5,15,4,0),
(139,'2022-09-26 12:10:55','2022-09-26 12:10:55',139,5,5,5,1,0),
(140,'2022-09-26 12:10:55','2022-09-26 12:10:55',140,13,9,13,3,0),
(141,'2022-09-26 12:10:55','2022-09-26 12:10:55',141,8,5,14,9,0),
(142,'2022-09-26 12:10:55','2022-09-26 12:10:55',142,3,3,14,5,0),
(143,'2022-09-26 12:10:55','2022-09-26 12:10:55',143,12,5,3,4,0),
(144,'2022-09-26 12:10:55','2022-09-26 12:10:55',144,11,5,1,1,0),
(145,'2022-09-26 12:10:55','2022-09-26 12:10:55',145,3,8,2,3,0),
(146,'2022-09-26 12:10:55','2022-09-26 12:10:55',146,5,9,3,3,0),
(147,'2022-09-26 12:10:55','2022-09-26 12:10:55',147,2,9,14,7,0),
(148,'2022-09-26 12:10:55','2022-09-26 12:10:55',148,13,5,11,9,0),
(149,'2022-09-26 12:10:55','2022-09-26 12:10:55',149,13,4,6,6,0),
(150,'2022-09-26 12:10:55','2022-09-26 12:10:55',150,4,5,8,0,0),
(151,'2022-09-26 12:10:55','2022-09-26 12:10:55',151,13,2,9,2,0),
(152,'2022-09-26 12:10:55','2022-09-26 12:10:55',152,5,2,13,6,0),
(153,'2022-09-26 12:10:55','2022-09-26 12:10:55',153,11,8,12,5,0),
(154,'2022-09-26 12:10:55','2022-09-26 12:10:55',154,3,5,14,1,0),
(155,'2022-09-26 12:10:55','2022-09-26 12:10:55',155,10,3,7,4,0),
(156,'2022-09-26 12:10:55','2022-09-26 12:10:55',156,9,0,3,0,0),
(157,'2022-09-26 12:10:55','2022-09-26 12:10:55',157,5,8,12,4,0),
(158,'2022-09-26 12:10:55','2022-09-26 12:10:55',158,0,10,6,2,0),
(159,'2022-09-26 12:10:55','2022-09-26 12:10:55',159,2,1,14,2,0),
(160,'2022-09-26 12:10:55','2022-09-26 12:10:55',160,8,10,3,1,0),
(161,'2022-09-26 12:10:55','2022-09-26 12:10:55',161,0,8,12,4,0),
(162,'2022-09-26 12:10:55','2022-09-26 12:10:55',162,2,3,0,1,0),
(163,'2022-09-26 12:10:55','2022-09-26 12:10:55',163,12,5,3,4,0),
(164,'2022-09-26 12:10:55','2022-09-26 12:10:55',164,11,3,2,9,0),
(165,'2022-09-26 12:10:55','2022-09-26 12:10:55',165,5,9,1,0,0),
(166,'2022-09-26 12:10:55','2022-09-26 12:10:55',166,0,9,4,7,0),
(167,'2022-09-26 12:10:55','2022-09-26 12:10:55',167,2,4,7,2,0),
(168,'2022-09-26 12:10:55','2022-09-26 12:10:55',168,12,3,15,9,0),
(169,'2022-09-26 12:10:55','2022-09-26 12:10:55',169,10,9,2,1,0),
(170,'2022-09-26 12:10:55','2022-09-26 12:10:55',170,2,5,14,0,0),
(171,'2022-09-26 12:10:55','2022-09-26 12:10:55',171,11,5,5,2,0),
(172,'2022-09-26 12:10:55','2022-09-26 12:10:55',172,2,0,12,7,0),
(173,'2022-09-26 12:10:55','2022-09-26 12:10:55',173,7,0,15,6,0),
(174,'2022-09-26 12:10:55','2022-09-26 12:10:55',174,2,9,14,8,0),
(175,'2022-09-26 12:10:55','2022-09-26 12:10:55',175,7,10,7,3,0),
(176,'2022-09-26 12:10:55','2022-09-26 12:10:55',176,6,0,15,7,0),
(177,'2022-09-26 12:10:55','2022-09-26 12:10:55',177,8,9,9,3,0),
(178,'2022-09-26 12:10:55','2022-09-26 12:10:55',178,14,7,9,0,0),
(179,'2022-09-26 12:10:55','2022-09-26 12:10:55',179,4,4,0,0,0),
(180,'2022-09-26 12:10:55','2022-09-26 12:10:55',180,1,3,2,9,0),
(181,'2022-09-26 12:10:55','2022-09-26 12:10:55',181,6,1,6,5,0),
(182,'2022-09-26 12:10:55','2022-09-26 12:10:55',182,8,1,2,2,0),
(183,'2022-09-26 12:10:55','2022-09-26 12:10:55',183,14,1,8,4,0),
(184,'2022-09-26 12:10:55','2022-09-26 12:10:55',184,5,7,7,1,0),
(185,'2022-09-26 12:10:55','2022-09-26 12:10:55',185,6,5,6,5,0),
(186,'2022-09-26 12:10:55','2022-09-26 12:10:55',186,5,3,6,0,0),
(187,'2022-09-26 12:10:55','2022-09-26 12:10:55',187,2,5,15,5,0),
(188,'2022-09-26 12:10:55','2022-09-26 12:10:55',188,10,9,4,8,0),
(189,'2022-09-26 12:10:55','2022-09-26 12:10:55',189,3,7,13,2,0),
(190,'2022-09-26 12:10:55','2022-09-26 12:10:55',190,6,7,13,1,0),
(191,'2022-09-26 12:10:55','2022-09-26 12:10:55',191,5,5,3,6,0),
(192,'2022-09-26 12:10:55','2022-09-26 12:10:55',192,7,6,8,8,0),
(193,'2022-09-26 12:10:55','2022-09-26 12:10:55',193,12,6,4,5,0),
(194,'2022-09-26 12:10:55','2022-09-26 12:10:55',194,2,1,1,1,0),
(195,'2022-09-26 12:10:55','2022-09-26 12:10:55',195,8,2,6,5,0),
(196,'2022-09-26 12:10:55','2022-09-26 12:10:55',196,5,1,12,3,0),
(197,'2022-09-26 12:10:55','2022-09-26 12:10:55',197,9,9,6,5,0),
(198,'2022-09-26 12:10:55','2022-09-26 12:10:55',198,8,2,8,9,0),
(199,'2022-09-26 12:10:55','2022-09-26 12:10:55',199,13,8,3,7,0),
(200,'2022-09-26 12:10:55','2022-09-26 12:10:55',200,4,0,2,8,0),
(201,'2022-09-26 12:10:55','2022-09-26 12:10:55',201,13,7,15,7,0),
(202,'2022-09-26 12:10:55','2022-09-26 12:10:55',202,14,6,12,2,0),
(203,'2022-09-26 12:10:55','2022-09-26 12:10:55',203,1,7,14,6,0),
(204,'2022-09-26 12:10:55','2022-09-26 12:10:55',204,4,8,14,2,0),
(205,'2022-09-26 12:10:55','2022-09-26 12:10:55',205,8,0,10,0,0),
(206,'2022-09-26 12:10:55','2022-09-26 12:10:55',206,2,8,6,7,0),
(207,'2022-09-26 12:10:55','2022-09-26 12:10:55',207,6,0,11,5,0),
(208,'2022-09-26 12:10:55','2022-09-26 12:10:55',208,11,10,8,6,0),
(209,'2022-09-26 12:10:55','2022-09-26 12:10:55',209,14,8,0,7,0),
(210,'2022-09-26 12:10:55','2022-09-26 12:10:55',210,8,8,2,2,0),
(211,'2022-09-26 12:10:55','2022-09-26 12:10:55',211,1,5,6,3,0),
(212,'2022-09-26 12:10:55','2022-09-26 12:10:55',212,8,8,1,3,0),
(213,'2022-09-26 12:10:55','2022-09-26 12:10:55',213,4,6,14,7,0),
(214,'2022-09-26 12:10:55','2022-09-26 12:10:55',214,1,2,13,4,0),
(215,'2022-09-26 12:10:55','2022-09-26 12:10:55',215,14,2,5,9,0),
(216,'2022-09-26 12:10:55','2022-09-26 12:10:55',216,12,1,7,7,0),
(217,'2022-09-26 12:10:55','2022-09-26 12:10:55',217,8,3,1,3,0),
(218,'2022-09-26 12:10:55','2022-09-26 12:10:55',218,11,5,4,8,0),
(219,'2022-09-26 12:10:55','2022-09-26 12:10:55',219,4,10,1,5,0),
(220,'2022-09-26 12:10:55','2022-09-26 12:10:55',220,5,2,1,8,0),
(221,'2022-09-26 12:10:55','2022-09-26 12:10:55',221,13,10,1,6,0),
(222,'2022-09-26 12:10:55','2022-09-26 12:10:55',222,1,3,6,1,0),
(223,'2022-09-26 12:10:55','2022-09-26 12:10:55',223,8,2,9,2,0),
(224,'2022-09-26 12:10:55','2022-09-26 12:10:55',224,5,2,2,8,0),
(225,'2022-09-26 12:10:55','2022-09-26 12:10:55',225,13,0,4,3,0),
(226,'2022-09-26 12:10:55','2022-09-26 12:10:55',226,10,7,6,8,0),
(227,'2022-09-26 12:10:55','2022-09-26 12:10:55',227,0,5,8,0,0),
(228,'2022-09-26 12:10:55','2022-09-26 12:10:55',228,10,3,9,9,0),
(229,'2022-09-26 12:10:55','2022-09-26 12:10:55',229,0,3,7,3,0),
(230,'2022-09-26 12:10:55','2022-09-26 12:10:55',230,7,4,5,5,0),
(231,'2022-09-26 12:10:55','2022-09-26 12:10:55',231,9,5,12,2,0),
(232,'2022-09-26 12:10:55','2022-09-26 12:10:55',232,2,10,5,7,0),
(233,'2022-09-26 12:10:55','2022-09-26 12:10:55',233,13,2,5,1,0),
(234,'2022-09-26 12:10:55','2022-09-26 12:10:55',234,9,8,14,3,0),
(235,'2022-09-26 12:10:55','2022-09-26 12:10:55',235,11,10,8,6,0),
(236,'2022-09-26 12:10:55','2022-09-26 12:10:55',236,13,4,7,9,0),
(237,'2022-09-26 12:10:55','2022-09-26 12:10:55',237,5,1,6,5,0),
(238,'2022-09-26 12:10:55','2022-09-26 12:10:55',238,12,3,0,2,0),
(239,'2022-09-26 12:10:55','2022-09-26 12:10:55',239,4,7,7,2,0),
(240,'2022-09-26 12:10:55','2022-09-26 12:10:55',240,0,4,0,7,0),
(241,'2022-09-26 12:10:55','2022-09-26 12:10:55',241,13,1,1,8,0),
(242,'2022-09-26 12:10:55','2022-09-26 12:10:55',242,2,1,0,9,0),
(243,'2022-09-26 12:10:55','2022-09-26 12:10:55',243,11,10,3,5,0),
(244,'2022-09-26 12:10:55','2022-09-26 12:10:55',244,11,2,1,5,0),
(245,'2022-09-26 12:10:55','2022-09-26 12:10:55',245,10,9,15,4,0),
(246,'2022-09-26 12:10:55','2022-09-26 12:10:55',246,2,7,14,3,0),
(247,'2022-09-26 12:10:55','2022-09-26 12:10:55',247,1,5,2,3,0),
(248,'2022-09-26 12:10:55','2022-09-26 12:10:55',248,5,6,15,1,0),
(249,'2022-09-26 12:10:55','2022-09-26 12:10:55',249,11,4,13,9,0),
(250,'2022-09-26 12:10:55','2022-09-26 12:10:55',250,14,2,0,6,0),
(251,'2022-09-26 12:10:55','2022-09-26 12:10:55',251,1,5,2,2,0),
(252,'2022-09-26 12:10:55','2022-09-26 12:10:55',252,11,0,1,1,0),
(253,'2022-09-26 12:10:55','2022-09-26 12:10:55',253,9,6,15,0,0),
(254,'2022-09-26 12:10:55','2022-09-26 12:10:55',254,7,3,3,0,0),
(255,'2022-09-26 12:10:55','2022-09-26 12:10:55',255,11,6,7,5,0),
(256,'2022-09-26 12:10:55','2022-09-26 12:10:55',256,9,4,0,9,0),
(257,'2022-09-26 12:10:55','2022-09-26 12:10:55',257,9,5,6,6,0),
(258,'2022-09-26 12:10:55','2022-09-26 12:10:55',258,14,10,15,7,0),
(259,'2022-09-26 12:10:55','2022-09-26 12:10:55',259,14,6,14,8,0),
(260,'2022-09-26 12:10:55','2022-09-26 12:10:55',260,10,10,9,1,0),
(261,'2022-09-26 12:10:55','2022-09-26 12:10:55',261,1,9,2,1,0),
(262,'2022-09-26 12:10:55','2022-09-26 12:10:55',262,3,8,0,0,0),
(263,'2022-09-26 12:10:55','2022-09-26 12:10:55',263,0,10,8,9,0),
(264,'2022-09-26 12:10:55','2022-09-26 12:10:55',264,3,1,4,7,0),
(265,'2022-09-26 12:10:55','2022-09-26 12:10:55',265,12,0,12,6,0),
(266,'2022-09-26 12:10:55','2022-09-26 12:10:55',266,14,9,5,1,0),
(267,'2022-09-26 12:10:55','2022-09-26 12:10:55',267,12,6,5,1,0),
(268,'2022-09-26 12:10:55','2022-09-26 12:10:55',268,7,1,2,2,0),
(269,'2022-09-26 12:10:55','2022-09-26 12:10:55',269,1,5,4,8,0),
(270,'2022-09-26 12:10:55','2022-09-26 12:10:55',270,7,9,11,0,0),
(271,'2022-09-26 12:10:55','2022-09-26 12:10:55',271,14,8,13,0,0),
(272,'2022-09-26 12:10:55','2022-09-26 12:10:55',272,9,1,9,5,0),
(273,'2022-09-26 12:10:55','2022-09-26 12:10:55',273,14,1,15,3,0),
(274,'2022-09-26 12:10:55','2022-09-26 12:10:55',274,9,3,9,9,0),
(275,'2022-09-26 12:10:55','2022-09-26 12:10:55',275,2,10,4,6,0),
(276,'2022-09-26 12:10:55','2022-09-26 12:10:55',276,1,8,9,6,0),
(277,'2022-09-26 12:10:55','2022-09-26 12:10:55',277,3,4,1,4,0),
(278,'2022-09-26 12:10:55','2022-09-26 12:10:55',278,0,8,10,0,0),
(279,'2022-09-26 12:10:55','2022-09-26 12:10:55',279,4,2,4,8,0),
(280,'2022-09-26 12:10:55','2022-09-26 12:10:55',280,2,3,0,2,0),
(281,'2022-09-26 12:10:55','2022-09-26 12:10:55',281,5,9,5,0,0),
(282,'2022-09-26 12:10:55','2022-09-26 12:10:55',282,0,1,12,2,0),
(283,'2022-09-26 12:10:55','2022-09-26 12:10:55',283,0,2,4,5,0),
(284,'2022-09-26 12:10:55','2022-09-26 12:10:55',284,11,4,8,5,0),
(285,'2022-09-26 12:10:55','2022-09-26 12:10:55',285,4,8,14,1,0),
(286,'2022-09-26 12:10:55','2022-09-26 12:10:55',286,4,8,2,3,0),
(287,'2022-09-26 12:10:55','2022-09-26 12:10:55',287,3,1,2,2,0),
(288,'2022-09-26 12:10:55','2022-09-26 12:10:55',288,13,8,0,0,0),
(289,'2022-09-26 12:10:56','2022-09-26 12:10:56',289,13,4,3,8,0),
(290,'2022-09-26 12:10:56','2022-09-26 12:10:56',290,10,0,2,6,0),
(291,'2022-09-26 12:10:56','2022-09-26 12:10:56',291,12,2,7,7,0),
(292,'2022-09-26 12:10:56','2022-09-26 12:10:56',292,7,1,2,4,0),
(293,'2022-09-26 12:10:56','2022-09-26 12:10:56',293,10,1,10,8,0),
(294,'2022-09-26 12:10:56','2022-09-26 12:10:56',294,2,5,11,1,0),
(295,'2022-09-26 12:10:56','2022-09-26 12:10:56',295,11,2,11,9,0),
(296,'2022-09-26 12:10:56','2022-09-27 23:05:55',296,7,8,3,9,0),
(297,'2022-09-26 12:10:56','2022-09-28 19:25:37',297,8,2,2,9,0),
(298,'2022-09-26 12:10:56','2022-09-26 12:10:56',298,7,4,12,6,0),
(299,'2022-09-26 12:10:56','2022-09-26 12:10:56',299,12,2,10,5,0),
(300,'2022-09-26 12:10:56','2022-09-26 12:10:56',300,12,4,7,1,0),
(301,'2022-09-26 12:10:56','2022-09-26 12:10:56',301,8,1,3,6,0),
(302,'2022-09-26 12:10:56','2022-09-26 12:10:56',302,10,5,6,5,0),
(303,'2022-09-26 12:10:56','2022-09-26 12:10:56',303,6,5,3,6,0),
(304,'2022-09-26 12:18:22','2022-09-26 12:18:22',304,1,9,0,0,0),
(305,'2022-09-27 21:32:20','2022-09-27 22:13:22',305,1,1,15,0,0),
(306,'2022-10-01 00:50:31','2022-10-01 00:50:31',306,0,1,3,0,0),
(307,'2022-10-04 02:30:17','2022-10-04 02:30:17',307,0,0,0,0,0),
(308,'2022-10-04 02:48:47','2022-10-04 02:48:47',308,0,0,0,0,0),
(309,'2022-10-04 03:03:40','2022-10-04 03:03:40',309,2,0,4,0,0),
(310,'2022-10-04 03:13:31','2022-10-04 03:13:31',310,0,0,0,0,0),
(311,'2022-10-04 03:16:09','2022-10-04 03:16:09',311,0,0,0,0,0),
(312,'2022-10-04 03:43:46','2022-10-05 19:23:22',312,8,1,2,0,0);

/*Table structure for table `ingredient` */

DROP TABLE IF EXISTS `ingredient`;

CREATE TABLE `ingredient` (
  `id` int(10) unsigned NOT NULL AUTO_INCREMENT,
  `regDate` datetime NOT NULL,
  `updateDate` datetime NOT NULL,
  `recipeId` int(10) unsigned NOT NULL DEFAULT 0,
  `rowArr` varchar(50) NOT NULL DEFAULT '',
  `rowValueArr` varchar(50) NOT NULL DEFAULT '',
  `sauceArr` varchar(50) NOT NULL DEFAULT '',
  `sauceValueArr` varchar(50) NOT NULL DEFAULT '',
  PRIMARY KEY (`id`)
) ENGINE=InnoDB AUTO_INCREMENT=313 DEFAULT CHARSET=utf8mb4;

/*Data for the table `ingredient` */

insert  into `ingredient`(`id`,`regDate`,`updateDate`,`recipeId`,`rowArr`,`rowValueArr`,`sauceArr`,`sauceValueArr`) values 
(1,'2022-09-26 12:10:36','2022-09-26 12:10:36',1,'감자,당근,양파','3개,1/3개,1/2개','굴소스(선택),소금,후추','1T,약간,약간'),
(2,'2022-09-26 12:10:36','2022-09-26 12:10:36',2,'갈비대,밤,표고버섯','2kg,1컵,4개','간배,간양파,간장,물,설탕,참기름,다진마늘,대파','1/2개,1/2개,3/4컵,1컵,1/2컵,1/2컵,3큰술,1개'),
(3,'2022-09-26 12:10:36','2022-09-26 12:10:36',3,'파스타면,마늘,베이컨 또는 새우,양파','500원크기,4개,1줌,1/3개','토마토소스,생크림,치즈','120ml,170ml,1장'),
(4,'2022-09-26 12:11:00','2022-09-26 12:11:00',4,'달걀/유제품','1개','양념 B','1T'),
(5,'2022-09-26 12:11:00','2022-09-26 12:11:00',5,'달걀/유제품','1개','양념 B','1T'),
(6,'2022-09-26 12:11:00','2022-09-26 12:11:00',6,'가공식품','1개','양념 B','1T'),
(7,'2022-09-26 12:11:00','2022-09-26 12:11:00',7,'재료 A','1개','양념 B','1T'),
(8,'2022-09-26 12:11:00','2022-09-26 12:11:00',8,'닭고기','1개','양념 B','1T'),
(9,'2022-09-26 12:11:00','2022-09-26 12:11:00',9,'채소류','1개','양념 B','1T'),
(10,'2022-09-26 12:11:00','2022-09-26 12:11:00',10,'해조류','1개','양념 B','1T'),
(11,'2022-09-26 12:11:00','2022-09-26 12:11:00',11,'가공식품','1개','양념 B','1T'),
(12,'2022-09-26 12:11:00','2022-09-26 12:11:00',12,'갑각류','1개','양념 B','1T'),
(13,'2022-09-26 12:11:00','2022-09-26 12:11:00',13,'구황작물','1개','양념 B','1T'),
(14,'2022-09-26 12:11:00','2022-09-26 12:11:00',14,'해조류','1개','양념 B','1T'),
(15,'2022-09-26 12:11:00','2022-09-26 12:11:00',15,'해조류','1개','양념 B','1T'),
(16,'2022-09-26 12:11:00','2022-09-26 12:11:00',16,'닭고기','1개','양념 B','1T'),
(17,'2022-09-26 12:11:00','2022-09-26 12:11:00',17,'건어물류','1개','양념 B','1T'),
(18,'2022-09-26 12:11:00','2022-09-26 12:11:00',18,'돼지고기','1개','양념 B','1T'),
(19,'2022-09-26 12:11:00','2022-09-26 12:11:00',19,'갑각류','1개','양념 B','1T'),
(20,'2022-09-26 12:11:00','2022-09-26 12:11:00',20,'쌀/밀','1개','양념 B','1T'),
(21,'2022-09-26 12:11:00','2022-09-26 12:11:00',21,'해조류','1개','양념 B','1T'),
(22,'2022-09-26 12:11:00','2022-09-26 12:11:00',22,'채소류','1개','양념 B','1T'),
(23,'2022-09-26 12:11:00','2022-09-26 12:11:00',23,'버섯류','1개','양념 B','1T'),
(24,'2022-09-26 12:11:00','2022-09-26 12:11:00',24,'소고기','1개','양념 B','1T'),
(25,'2022-09-26 12:11:00','2022-09-26 12:11:00',25,'가공식품','1개','양념 B','1T'),
(26,'2022-09-26 12:11:00','2022-09-26 12:11:00',26,'쌀/밀','1개','양념 B','1T'),
(27,'2022-09-26 12:11:00','2022-09-26 12:11:00',27,'구황작물','1개','양념 B','1T'),
(28,'2022-09-26 12:11:00','2022-09-26 12:11:00',28,'가공식품','1개','양념 B','1T'),
(29,'2022-09-26 12:11:00','2022-09-26 12:11:00',29,'가공식품','1개','양념 B','1T'),
(30,'2022-09-26 12:11:00','2022-09-26 12:11:00',30,'건어물류','1개','양념 B','1T'),
(31,'2022-09-26 12:11:00','2022-09-26 12:11:00',31,'갑각류','1개','양념 B','1T'),
(32,'2022-09-26 12:11:00','2022-09-26 12:11:00',32,'견과류/곡류','1개','양념 B','1T'),
(33,'2022-09-26 12:11:00','2022-09-26 12:11:00',33,'해조류','1개','양념 B','1T'),
(34,'2022-09-26 12:11:00','2022-09-26 12:11:00',34,'돼지고기','1개','양념 B','1T'),
(35,'2022-09-26 12:11:00','2022-09-26 12:11:00',35,'견과류/곡류','1개','양념 B','1T'),
(36,'2022-09-26 12:11:00','2022-09-26 12:11:00',36,'가공식품','1개','양념 B','1T'),
(37,'2022-09-26 12:11:00','2022-09-26 12:11:00',37,'닭고기','1개','양념 B','1T'),
(38,'2022-09-26 12:11:00','2022-09-26 12:11:00',38,'생선류','1개','양념 B','1T'),
(39,'2022-09-26 12:11:00','2022-09-26 12:11:00',39,'달걀/유제품','1개','양념 B','1T'),
(40,'2022-09-26 12:11:00','2022-09-26 12:11:00',40,'돼지고기','1개','양념 B','1T'),
(41,'2022-09-26 12:11:00','2022-09-26 12:11:00',41,'구황작물','1개','양념 B','1T'),
(42,'2022-09-26 12:11:00','2022-09-26 12:11:00',42,'소고기','1개','양념 B','1T'),
(43,'2022-09-26 12:11:00','2022-09-26 12:11:00',43,'생선류','1개','양념 B','1T'),
(44,'2022-09-26 12:11:00','2022-09-26 12:11:00',44,'달걀/유제품','1개','양념 B','1T'),
(45,'2022-09-26 12:11:00','2022-09-26 12:11:00',45,'소고기','1개','양념 B','1T'),
(46,'2022-09-26 12:11:00','2022-09-26 12:11:00',46,'해조류','1개','양념 B','1T'),
(47,'2022-09-26 12:11:00','2022-09-26 12:11:00',47,'견과류/곡류','1개','양념 B','1T'),
(48,'2022-09-26 12:11:00','2022-09-26 12:11:00',48,'해조류','1개','양념 B','1T'),
(49,'2022-09-26 12:11:00','2022-09-26 12:11:00',49,'소고기','1개','양념 B','1T'),
(50,'2022-09-26 12:11:00','2022-09-26 12:11:00',50,'과일류','1개','양념 B','1T'),
(51,'2022-09-26 12:11:00','2022-09-26 12:11:00',51,'해조류','1개','양념 B','1T'),
(52,'2022-09-26 12:11:00','2022-09-26 12:11:00',52,'재료 A','1개','양념 B','1T'),
(53,'2022-09-26 12:11:00','2022-09-26 12:11:00',53,'견과류/곡류','1개','양념 B','1T'),
(54,'2022-09-26 12:11:00','2022-09-26 12:11:00',54,'돼지고기','1개','양념 B','1T'),
(55,'2022-09-26 12:11:00','2022-09-26 12:11:00',55,'견과류/곡류','1개','양념 B','1T'),
(56,'2022-09-26 12:11:00','2022-09-26 12:11:00',56,'견과류/곡류','1개','양념 B','1T'),
(57,'2022-09-26 12:11:00','2022-09-26 12:11:00',57,'소고기','1개','양념 B','1T'),
(58,'2022-09-26 12:11:00','2022-09-26 12:11:00',58,'생선류','1개','양념 B','1T'),
(59,'2022-09-26 12:11:00','2022-09-26 12:11:00',59,'버섯류','1개','양념 B','1T'),
(60,'2022-09-26 12:11:00','2022-09-26 12:11:00',60,'견과류/곡류','1개','양념 B','1T'),
(61,'2022-09-26 12:11:00','2022-09-26 12:11:00',61,'돼지고기','1개','양념 B','1T'),
(62,'2022-09-26 12:11:00','2022-09-26 12:11:00',62,'생선류','1개','양념 B','1T'),
(63,'2022-09-26 12:11:00','2022-09-26 12:11:00',63,'닭고기','1개','양념 B','1T'),
(64,'2022-09-26 12:11:00','2022-09-26 12:11:00',64,'채소류','1개','양념 B','1T'),
(65,'2022-09-26 12:11:00','2022-09-26 12:11:00',65,'소고기','1개','양념 B','1T'),
(66,'2022-09-26 12:11:00','2022-09-26 12:11:00',66,'구황작물','1개','양념 B','1T'),
(67,'2022-09-26 12:11:00','2022-09-26 12:11:00',67,'갑각류','1개','양념 B','1T'),
(68,'2022-09-26 12:11:00','2022-09-26 12:11:00',68,'돼지고기','1개','양념 B','1T'),
(69,'2022-09-26 12:11:00','2022-09-26 12:11:00',69,'돼지고기','1개','양념 B','1T'),
(70,'2022-09-26 12:11:00','2022-09-26 12:11:00',70,'재료 A','1개','양념 B','1T'),
(71,'2022-09-26 12:11:00','2022-09-26 12:11:00',71,'해조류','1개','양념 B','1T'),
(72,'2022-09-26 12:11:00','2022-09-26 12:11:00',72,'달걀/유제품','1개','양념 B','1T'),
(73,'2022-09-26 12:11:00','2022-09-26 12:11:00',73,'건어물류','1개','양념 B','1T'),
(74,'2022-09-26 12:11:00','2022-09-26 12:11:00',74,'생선류','1개','양념 B','1T'),
(75,'2022-09-26 12:11:00','2022-09-26 12:11:00',75,'구황작물','1개','양념 B','1T'),
(76,'2022-09-26 12:11:00','2022-09-26 12:11:00',76,'가공식품','1개','양념 B','1T'),
(77,'2022-09-26 12:11:00','2022-09-26 12:11:00',77,'버섯류','1개','양념 B','1T'),
(78,'2022-09-26 12:11:00','2022-09-26 12:11:00',78,'채소류','1개','양념 B','1T'),
(79,'2022-09-26 12:11:00','2022-09-26 12:11:00',79,'소고기','1개','양념 B','1T'),
(80,'2022-09-26 12:11:00','2022-09-26 12:11:00',80,'견과류/곡류','1개','양념 B','1T'),
(81,'2022-09-26 12:11:00','2022-09-26 12:11:00',81,'갑각류','1개','양념 B','1T'),
(82,'2022-09-26 12:11:00','2022-09-26 12:11:00',82,'버섯류','1개','양념 B','1T'),
(83,'2022-09-26 12:11:00','2022-09-26 12:11:00',83,'가공식품','1개','양념 B','1T'),
(84,'2022-09-26 12:11:00','2022-09-26 12:11:00',84,'달걀/유제품','1개','양념 B','1T'),
(85,'2022-09-26 12:11:00','2022-09-26 12:11:00',85,'버섯류','1개','양념 B','1T'),
(86,'2022-09-26 12:11:00','2022-09-26 12:11:00',86,'버섯류','1개','양념 B','1T'),
(87,'2022-09-26 12:11:00','2022-09-26 12:11:00',87,'재료 A','1개','양념 B','1T'),
(88,'2022-09-26 12:11:00','2022-09-26 12:11:00',88,'닭고기','1개','양념 B','1T'),
(89,'2022-09-26 12:11:00','2022-09-26 12:11:00',89,'가공식품','1개','양념 B','1T'),
(90,'2022-09-26 12:11:00','2022-09-26 12:11:00',90,'건어물류','1개','양념 B','1T'),
(91,'2022-09-26 12:11:00','2022-09-26 12:11:00',91,'닭고기','1개','양념 B','1T'),
(92,'2022-09-26 12:11:00','2022-09-26 12:11:00',92,'건어물류','1개','양념 B','1T'),
(93,'2022-09-26 12:11:00','2022-09-26 12:11:00',93,'채소류','1개','양념 B','1T'),
(94,'2022-09-26 12:11:00','2022-09-26 12:11:00',94,'돼지고기','1개','양념 B','1T'),
(95,'2022-09-26 12:11:00','2022-09-26 12:11:00',95,'소고기','1개','양념 B','1T'),
(96,'2022-09-26 12:11:00','2022-09-26 12:11:00',96,'건어물류','1개','양념 B','1T'),
(97,'2022-09-26 12:11:00','2022-09-26 12:11:00',97,'과일류','1개','양념 B','1T'),
(98,'2022-09-26 12:11:00','2022-09-26 12:11:00',98,'버섯류','1개','양념 B','1T'),
(99,'2022-09-26 12:11:00','2022-09-26 12:11:00',99,'가공식품','1개','양념 B','1T'),
(100,'2022-09-26 12:11:00','2022-09-26 12:11:00',100,'재료 A','1개','양념 B','1T'),
(101,'2022-09-26 12:11:00','2022-09-26 12:11:00',101,'닭고기','1개','양념 B','1T'),
(102,'2022-09-26 12:11:00','2022-09-26 12:11:00',102,'해조류','1개','양념 B','1T'),
(103,'2022-09-26 12:11:00','2022-09-26 12:11:00',103,'견과류/곡류','1개','양념 B','1T'),
(104,'2022-09-26 12:11:00','2022-09-26 12:11:00',104,'구황작물','1개','양념 B','1T'),
(105,'2022-09-26 12:11:00','2022-09-26 12:11:00',105,'소고기','1개','양념 B','1T'),
(106,'2022-09-26 12:11:00','2022-09-26 12:11:00',106,'소고기','1개','양념 B','1T'),
(107,'2022-09-26 12:11:00','2022-09-26 12:11:00',107,'구황작물','1개','양념 B','1T'),
(108,'2022-09-26 12:11:00','2022-09-26 12:11:00',108,'채소류','1개','양념 B','1T'),
(109,'2022-09-26 12:11:00','2022-09-26 12:11:00',109,'생선류','1개','양념 B','1T'),
(110,'2022-09-26 12:11:00','2022-09-26 12:11:00',110,'과일류','1개','양념 B','1T'),
(111,'2022-09-26 12:11:00','2022-09-26 12:11:00',111,'버섯류','1개','양념 B','1T'),
(112,'2022-09-26 12:11:00','2022-09-26 12:11:00',112,'재료 A','1개','양념 B','1T'),
(113,'2022-09-26 12:11:00','2022-09-26 12:11:00',113,'쌀/밀','1개','양념 B','1T'),
(114,'2022-09-26 12:11:00','2022-09-26 12:11:00',114,'버섯류','1개','양념 B','1T'),
(115,'2022-09-26 12:11:00','2022-09-26 12:11:00',115,'소고기','1개','양념 B','1T'),
(116,'2022-09-26 12:11:00','2022-09-26 12:11:00',116,'구황작물','1개','양념 B','1T'),
(117,'2022-09-26 12:11:00','2022-09-26 12:11:00',117,'달걀/유제품','1개','양념 B','1T'),
(118,'2022-09-26 12:11:00','2022-09-26 12:11:00',118,'닭고기','1개','양념 B','1T'),
(119,'2022-09-26 12:11:00','2022-09-26 12:11:00',119,'달걀/유제품','1개','양념 B','1T'),
(120,'2022-09-26 12:11:00','2022-09-26 12:11:00',120,'견과류/곡류','1개','양념 B','1T'),
(121,'2022-09-26 12:11:00','2022-09-26 12:11:00',121,'재료 A','1개','양념 B','1T'),
(122,'2022-09-26 12:11:00','2022-09-26 12:11:00',122,'해조류','1개','양념 B','1T'),
(123,'2022-09-26 12:11:00','2022-09-26 12:11:00',123,'달걀/유제품','1개','양념 B','1T'),
(124,'2022-09-26 12:11:00','2022-09-26 12:11:00',124,'쌀/밀','1개','양념 B','1T'),
(125,'2022-09-26 12:11:00','2022-09-26 12:11:00',125,'가공식품','1개','양념 B','1T'),
(126,'2022-09-26 12:11:00','2022-09-26 12:11:00',126,'건어물류','1개','양념 B','1T'),
(127,'2022-09-26 12:11:00','2022-09-26 12:11:00',127,'갑각류','1개','양념 B','1T'),
(128,'2022-09-26 12:11:00','2022-09-26 12:11:00',128,'가공식품','1개','양념 B','1T'),
(129,'2022-09-26 12:11:00','2022-09-26 12:11:00',129,'채소류','1개','양념 B','1T'),
(130,'2022-09-26 12:11:00','2022-09-26 12:11:00',130,'소고기','1개','양념 B','1T'),
(131,'2022-09-26 12:11:00','2022-09-26 12:11:00',131,'과일류','1개','양념 B','1T'),
(132,'2022-09-26 12:11:00','2022-09-26 12:11:00',132,'채소류','1개','양념 B','1T'),
(133,'2022-09-26 12:11:00','2022-09-26 12:11:00',133,'갑각류','1개','양념 B','1T'),
(134,'2022-09-26 12:11:00','2022-09-26 12:11:00',134,'과일류','1개','양념 B','1T'),
(135,'2022-09-26 12:11:00','2022-09-26 12:11:00',135,'갑각류','1개','양념 B','1T'),
(136,'2022-09-26 12:11:00','2022-09-26 12:11:00',136,'견과류/곡류','1개','양념 B','1T'),
(137,'2022-09-26 12:11:00','2022-09-26 12:11:00',137,'견과류/곡류','1개','양념 B','1T'),
(138,'2022-09-26 12:11:00','2022-09-26 12:11:00',138,'가공식품','1개','양념 B','1T'),
(139,'2022-09-26 12:11:00','2022-09-26 12:11:00',139,'갑각류','1개','양념 B','1T'),
(140,'2022-09-26 12:11:00','2022-09-26 12:11:00',140,'달걀/유제품','1개','양념 B','1T'),
(141,'2022-09-26 12:11:00','2022-09-26 12:11:00',141,'구황작물','1개','양념 B','1T'),
(142,'2022-09-26 12:11:00','2022-09-26 12:11:00',142,'구황작물','1개','양념 B','1T'),
(143,'2022-09-26 12:11:00','2022-09-26 12:11:00',143,'닭고기','1개','양념 B','1T'),
(144,'2022-09-26 12:11:00','2022-09-26 12:11:00',144,'소고기','1개','양념 B','1T'),
(145,'2022-09-26 12:11:00','2022-09-26 12:11:00',145,'돼지고기','1개','양념 B','1T'),
(146,'2022-09-26 12:11:00','2022-09-26 12:11:00',146,'닭고기','1개','양념 B','1T'),
(147,'2022-09-26 12:11:00','2022-09-26 12:11:00',147,'구황작물','1개','양념 B','1T'),
(148,'2022-09-26 12:11:00','2022-09-26 12:11:00',148,'견과류/곡류','1개','양념 B','1T'),
(149,'2022-09-26 12:11:00','2022-09-26 12:11:00',149,'해조류','1개','양념 B','1T'),
(150,'2022-09-26 12:11:00','2022-09-26 12:11:00',150,'과일류','1개','양념 B','1T'),
(151,'2022-09-26 12:11:00','2022-09-26 12:11:00',151,'채소류','1개','양념 B','1T'),
(152,'2022-09-26 12:11:00','2022-09-26 12:11:00',152,'달걀/유제품','1개','양념 B','1T'),
(153,'2022-09-26 12:11:00','2022-09-26 12:11:00',153,'쌀/밀','1개','양념 B','1T'),
(154,'2022-09-26 12:11:00','2022-09-26 12:11:00',154,'구황작물','1개','양념 B','1T'),
(155,'2022-09-26 12:11:00','2022-09-26 12:11:00',155,'건어물류','1개','양념 B','1T'),
(156,'2022-09-26 12:11:00','2022-09-26 12:11:00',156,'닭고기','1개','양념 B','1T'),
(157,'2022-09-26 12:11:00','2022-09-26 12:11:00',157,'쌀/밀','1개','양념 B','1T'),
(158,'2022-09-26 12:11:00','2022-09-26 12:11:00',158,'해조류','1개','양념 B','1T'),
(159,'2022-09-26 12:11:00','2022-09-26 12:11:00',159,'구황작물','1개','양념 B','1T'),
(160,'2022-09-26 12:11:00','2022-09-26 12:11:00',160,'닭고기','1개','양념 B','1T'),
(161,'2022-09-26 12:11:00','2022-09-26 12:11:00',161,'쌀/밀','1개','양념 B','1T'),
(162,'2022-09-26 12:11:00','2022-09-26 12:11:00',162,'재료 A','1개','양념 B','1T'),
(163,'2022-09-26 12:11:00','2022-09-26 12:11:00',163,'닭고기','1개','양념 B','1T'),
(164,'2022-09-26 12:11:00','2022-09-26 12:11:00',164,'돼지고기','1개','양념 B','1T'),
(165,'2022-09-26 12:11:00','2022-09-26 12:11:00',165,'소고기','1개','양념 B','1T'),
(166,'2022-09-26 12:11:00','2022-09-26 12:11:00',166,'생선류','1개','양념 B','1T'),
(167,'2022-09-26 12:11:00','2022-09-26 12:11:00',167,'건어물류','1개','양념 B','1T'),
(168,'2022-09-26 12:11:00','2022-09-26 12:11:00',168,'가공식품','1개','양념 B','1T'),
(169,'2022-09-26 12:11:00','2022-09-26 12:11:00',169,'돼지고기','1개','양념 B','1T'),
(170,'2022-09-26 12:11:00','2022-09-26 12:11:00',170,'구황작물','1개','양념 B','1T'),
(171,'2022-09-26 12:11:00','2022-09-26 12:11:00',171,'갑각류','1개','양념 B','1T'),
(172,'2022-09-26 12:11:00','2022-09-26 12:11:00',172,'쌀/밀','1개','양념 B','1T'),
(173,'2022-09-26 12:11:00','2022-09-26 12:11:00',173,'가공식품','1개','양념 B','1T'),
(174,'2022-09-26 12:11:00','2022-09-26 12:11:00',174,'구황작물','1개','양념 B','1T'),
(175,'2022-09-26 12:11:00','2022-09-26 12:11:00',175,'건어물류','1개','양념 B','1T'),
(176,'2022-09-26 12:11:00','2022-09-26 12:11:00',176,'가공식품','1개','양념 B','1T'),
(177,'2022-09-26 12:11:00','2022-09-26 12:11:00',177,'채소류','1개','양념 B','1T'),
(178,'2022-09-26 12:11:00','2022-09-26 12:11:00',178,'채소류','1개','양념 B','1T'),
(179,'2022-09-26 12:11:00','2022-09-26 12:11:00',179,'재료 A','1개','양념 B','1T'),
(180,'2022-09-26 12:11:00','2022-09-26 12:11:00',180,'돼지고기','1개','양념 B','1T'),
(181,'2022-09-26 12:11:00','2022-09-26 12:11:00',181,'해조류','1개','양념 B','1T'),
(182,'2022-09-26 12:11:00','2022-09-26 12:11:00',182,'돼지고기','1개','양념 B','1T'),
(183,'2022-09-26 12:11:00','2022-09-26 12:11:00',183,'과일류','1개','양념 B','1T'),
(184,'2022-09-26 12:11:00','2022-09-26 12:11:00',184,'건어물류','1개','양념 B','1T'),
(185,'2022-09-26 12:11:00','2022-09-26 12:11:00',185,'해조류','1개','양념 B','1T'),
(186,'2022-09-26 12:11:00','2022-09-26 12:11:00',186,'해조류','1개','양념 B','1T'),
(187,'2022-09-26 12:11:00','2022-09-26 12:11:00',187,'가공식품','1개','양념 B','1T'),
(188,'2022-09-26 12:11:00','2022-09-26 12:11:00',188,'생선류','1개','양념 B','1T'),
(189,'2022-09-26 12:11:00','2022-09-26 12:11:00',189,'달걀/유제품','1개','양념 B','1T'),
(190,'2022-09-26 12:11:00','2022-09-26 12:11:00',190,'달걀/유제품','1개','양념 B','1T'),
(191,'2022-09-26 12:11:00','2022-09-26 12:11:00',191,'닭고기','1개','양념 B','1T'),
(192,'2022-09-26 12:11:00','2022-09-26 12:11:00',192,'과일류','1개','양념 B','1T'),
(193,'2022-09-26 12:11:00','2022-09-26 12:11:00',193,'생선류','1개','양념 B','1T'),
(194,'2022-09-26 12:11:00','2022-09-26 12:11:00',194,'소고기','1개','양념 B','1T'),
(195,'2022-09-26 12:11:00','2022-09-26 12:11:00',195,'해조류','1개','양념 B','1T'),
(196,'2022-09-26 12:11:00','2022-09-26 12:11:00',196,'쌀/밀','1개','양념 B','1T'),
(197,'2022-09-26 12:11:00','2022-09-26 12:11:00',197,'해조류','1개','양념 B','1T'),
(198,'2022-09-26 12:11:00','2022-09-26 12:11:00',198,'과일류','1개','양념 B','1T'),
(199,'2022-09-26 12:11:00','2022-09-26 12:11:00',199,'닭고기','1개','양념 B','1T'),
(200,'2022-09-26 12:11:00','2022-09-26 12:11:00',200,'돼지고기','1개','양념 B','1T'),
(201,'2022-09-26 12:11:00','2022-09-26 12:11:00',201,'가공식품','1개','양념 B','1T'),
(202,'2022-09-26 12:11:00','2022-09-26 12:11:00',202,'쌀/밀','1개','양념 B','1T'),
(203,'2022-09-26 12:11:00','2022-09-26 12:11:00',203,'구황작물','1개','양념 B','1T'),
(204,'2022-09-26 12:11:00','2022-09-26 12:11:00',204,'구황작물','1개','양념 B','1T'),
(205,'2022-09-26 12:11:00','2022-09-26 12:11:00',205,'버섯류','1개','양념 B','1T'),
(206,'2022-09-26 12:11:00','2022-09-26 12:11:00',206,'해조류','1개','양념 B','1T'),
(207,'2022-09-26 12:11:00','2022-09-26 12:11:00',207,'견과류/곡류','1개','양념 B','1T'),
(208,'2022-09-26 12:11:00','2022-09-26 12:11:00',208,'과일류','1개','양념 B','1T'),
(209,'2022-09-26 12:11:00','2022-09-26 12:11:00',209,'재료 A','1개','양념 B','1T'),
(210,'2022-09-26 12:11:00','2022-09-26 12:11:00',210,'돼지고기','1개','양념 B','1T'),
(211,'2022-09-26 12:11:00','2022-09-26 12:11:00',211,'해조류','1개','양념 B','1T'),
(212,'2022-09-26 12:11:00','2022-09-26 12:11:00',212,'소고기','1개','양념 B','1T'),
(213,'2022-09-26 12:11:00','2022-09-26 12:11:00',213,'구황작물','1개','양념 B','1T'),
(214,'2022-09-26 12:11:00','2022-09-26 12:11:00',214,'달걀/유제품','1개','양념 B','1T'),
(215,'2022-09-26 12:11:00','2022-09-26 12:11:00',215,'갑각류','1개','양념 B','1T'),
(216,'2022-09-26 12:11:00','2022-09-26 12:11:00',216,'건어물류','1개','양념 B','1T'),
(217,'2022-09-26 12:11:00','2022-09-26 12:11:00',217,'소고기','1개','양념 B','1T'),
(218,'2022-09-26 12:11:00','2022-09-26 12:11:00',218,'생선류','1개','양념 B','1T'),
(219,'2022-09-26 12:11:00','2022-09-26 12:11:00',219,'소고기','1개','양념 B','1T'),
(220,'2022-09-26 12:11:00','2022-09-26 12:11:00',220,'소고기','1개','양념 B','1T'),
(221,'2022-09-26 12:11:00','2022-09-26 12:11:00',221,'소고기','1개','양념 B','1T'),
(222,'2022-09-26 12:11:00','2022-09-26 12:11:00',222,'해조류','1개','양념 B','1T'),
(223,'2022-09-26 12:11:00','2022-09-26 12:11:00',223,'채소류','1개','양념 B','1T'),
(224,'2022-09-26 12:11:00','2022-09-26 12:11:00',224,'돼지고기','1개','양념 B','1T'),
(225,'2022-09-26 12:11:00','2022-09-26 12:11:00',225,'생선류','1개','양념 B','1T'),
(226,'2022-09-26 12:11:00','2022-09-26 12:11:00',226,'해조류','1개','양념 B','1T'),
(227,'2022-09-26 12:11:00','2022-09-26 12:11:00',227,'과일류','1개','양념 B','1T'),
(228,'2022-09-26 12:11:00','2022-09-26 12:11:00',228,'채소류','1개','양념 B','1T'),
(229,'2022-09-26 12:11:00','2022-09-26 12:11:00',229,'건어물류','1개','양념 B','1T'),
(230,'2022-09-26 12:11:00','2022-09-26 12:11:00',230,'갑각류','1개','양념 B','1T'),
(231,'2022-09-26 12:11:00','2022-09-26 12:11:00',231,'쌀/밀','1개','양념 B','1T'),
(232,'2022-09-26 12:11:00','2022-09-26 12:11:00',232,'갑각류','1개','양념 B','1T'),
(233,'2022-09-26 12:11:00','2022-09-26 12:11:00',233,'갑각류','1개','양념 B','1T'),
(234,'2022-09-26 12:11:00','2022-09-26 12:11:00',234,'구황작물','1개','양념 B','1T'),
(235,'2022-09-26 12:11:00','2022-09-26 12:11:00',235,'과일류','1개','양념 B','1T'),
(236,'2022-09-26 12:11:00','2022-09-26 12:11:00',236,'건어물류','1개','양념 B','1T'),
(237,'2022-09-26 12:11:00','2022-09-26 12:11:00',237,'해조류','1개','양념 B','1T'),
(238,'2022-09-26 12:11:00','2022-09-26 12:11:00',238,'재료 A','1개','양념 B','1T'),
(239,'2022-09-26 12:11:00','2022-09-26 12:11:00',239,'건어물류','1개','양념 B','1T'),
(240,'2022-09-26 12:11:00','2022-09-26 12:11:00',240,'재료 A','1개','양념 B','1T'),
(241,'2022-09-26 12:11:00','2022-09-26 12:11:00',241,'소고기','1개','양념 B','1T'),
(242,'2022-09-26 12:11:00','2022-09-26 12:11:00',242,'재료 A','1개','양념 B','1T'),
(243,'2022-09-26 12:11:00','2022-09-26 12:11:00',243,'닭고기','1개','양념 B','1T'),
(244,'2022-09-26 12:11:00','2022-09-26 12:11:00',244,'소고기','1개','양념 B','1T'),
(245,'2022-09-26 12:11:00','2022-09-26 12:11:00',245,'가공식품','1개','양념 B','1T'),
(246,'2022-09-26 12:11:00','2022-09-26 12:11:00',246,'구황작물','1개','양념 B','1T'),
(247,'2022-09-26 12:11:00','2022-09-26 12:11:00',247,'돼지고기','1개','양념 B','1T'),
(248,'2022-09-26 12:11:00','2022-09-26 12:11:00',248,'가공식품','1개','양념 B','1T'),
(249,'2022-09-26 12:11:00','2022-09-26 12:11:00',249,'달걀/유제품','1개','양념 B','1T'),
(250,'2022-09-26 12:11:00','2022-09-26 12:11:00',250,'재료 A','1개','양념 B','1T'),
(251,'2022-09-26 12:11:00','2022-09-26 12:11:00',251,'돼지고기','1개','양념 B','1T'),
(252,'2022-09-26 12:11:00','2022-09-26 12:11:00',252,'소고기','1개','양념 B','1T'),
(253,'2022-09-26 12:11:00','2022-09-26 12:11:00',253,'가공식품','1개','양념 B','1T'),
(254,'2022-09-26 12:11:00','2022-09-26 12:11:00',254,'닭고기','1개','양념 B','1T'),
(255,'2022-09-26 12:11:00','2022-09-26 12:11:00',255,'건어물류','1개','양념 B','1T'),
(256,'2022-09-26 12:11:00','2022-09-26 12:11:00',256,'재료 A','1개','양념 B','1T'),
(257,'2022-09-26 12:11:00','2022-09-26 12:11:00',257,'해조류','1개','양념 B','1T'),
(258,'2022-09-26 12:11:00','2022-09-26 12:11:00',258,'가공식품','1개','양념 B','1T'),
(259,'2022-09-26 12:11:00','2022-09-26 12:11:00',259,'구황작물','1개','양념 B','1T'),
(260,'2022-09-26 12:11:00','2022-09-26 12:11:00',260,'채소류','1개','양념 B','1T'),
(261,'2022-09-26 12:11:00','2022-09-26 12:11:00',261,'돼지고기','1개','양념 B','1T'),
(262,'2022-09-26 12:11:00','2022-09-26 12:11:00',262,'재료 A','1개','양념 B','1T'),
(263,'2022-09-26 12:11:00','2022-09-26 12:11:00',263,'과일류','1개','양념 B','1T'),
(264,'2022-09-26 12:11:00','2022-09-26 12:11:00',264,'생선류','1개','양념 B','1T'),
(265,'2022-09-26 12:11:00','2022-09-26 12:11:00',265,'쌀/밀','1개','양념 B','1T'),
(266,'2022-09-26 12:11:00','2022-09-26 12:11:00',266,'갑각류','1개','양념 B','1T'),
(267,'2022-09-26 12:11:00','2022-09-26 12:11:00',267,'갑각류','1개','양념 B','1T'),
(268,'2022-09-26 12:11:00','2022-09-26 12:11:00',268,'돼지고기','1개','양념 B','1T'),
(269,'2022-09-26 12:11:00','2022-09-26 12:11:00',269,'생선류','1개','양념 B','1T'),
(270,'2022-09-26 12:11:00','2022-09-26 12:11:00',270,'견과류/곡류','1개','양념 B','1T'),
(271,'2022-09-26 12:11:00','2022-09-26 12:11:00',271,'달걀/유제품','1개','양념 B','1T'),
(272,'2022-09-26 12:11:00','2022-09-26 12:11:00',272,'채소류','1개','양념 B','1T'),
(273,'2022-09-26 12:11:00','2022-09-26 12:11:00',273,'가공식품','1개','양념 B','1T'),
(274,'2022-09-26 12:11:00','2022-09-26 12:11:00',274,'채소류','1개','양념 B','1T'),
(275,'2022-09-26 12:11:00','2022-09-26 12:11:00',275,'생선류','1개','양념 B','1T'),
(276,'2022-09-26 12:11:00','2022-09-26 12:11:00',276,'채소류','1개','양념 B','1T'),
(277,'2022-09-26 12:11:00','2022-09-26 12:11:00',277,'소고기','1개','양념 B','1T'),
(278,'2022-09-26 12:11:00','2022-09-26 12:11:00',278,'버섯류','1개','양념 B','1T'),
(279,'2022-09-26 12:11:00','2022-09-26 12:11:00',279,'생선류','1개','양념 B','1T'),
(280,'2022-09-26 12:11:00','2022-09-26 12:11:00',280,'재료 A','1개','양념 B','1T'),
(281,'2022-09-26 12:11:00','2022-09-26 12:11:00',281,'갑각류','1개','양념 B','1T'),
(282,'2022-09-26 12:11:00','2022-09-26 12:11:00',282,'쌀/밀','1개','양념 B','1T'),
(283,'2022-09-26 12:11:00','2022-09-26 12:11:00',283,'생선류','1개','양념 B','1T'),
(284,'2022-09-26 12:11:00','2022-09-26 12:11:00',284,'과일류','1개','양념 B','1T'),
(285,'2022-09-26 12:11:00','2022-09-26 12:11:00',285,'구황작물','1개','양념 B','1T'),
(286,'2022-09-26 12:11:00','2022-09-26 12:11:00',286,'돼지고기','1개','양념 B','1T'),
(287,'2022-09-26 12:11:00','2022-09-26 12:11:00',287,'돼지고기','1개','양념 B','1T'),
(288,'2022-09-26 12:11:00','2022-09-26 12:11:00',288,'재료 A','1개','양념 B','1T'),
(289,'2022-09-26 12:11:00','2022-09-26 12:11:00',289,'닭고기','1개','양념 B','1T'),
(290,'2022-09-26 12:11:00','2022-09-26 12:11:00',290,'돼지고기','1개','양념 B','1T'),
(291,'2022-09-26 12:11:00','2022-09-26 12:11:00',291,'건어물류','1개','양념 B','1T'),
(292,'2022-09-26 12:11:00','2022-09-26 12:11:00',292,'돼지고기','1개','양념 B','1T'),
(293,'2022-09-26 12:11:00','2022-09-26 12:11:00',293,'버섯류','1개','양념 B','1T'),
(294,'2022-09-26 12:11:00','2022-09-26 12:11:00',294,'견과류/곡류','1개','양념 B','1T'),
(295,'2022-09-26 12:11:00','2022-09-26 12:11:00',295,'견과류/곡류','1개','양념 B','1T'),
(296,'2022-09-26 12:11:00','2022-09-27 23:05:55',296,'닭고기','1개','양념 B','1T'),
(297,'2022-09-26 12:11:00','2022-09-28 19:25:37',297,'돼지고기,양파,쌈채소','600g,1개,1묶음','간장,배즙,설탕','3T,1개,2T'),
(298,'2022-09-26 12:11:00','2022-09-26 12:11:00',298,'쌀/밀','1개','양념 B','1T'),
(299,'2022-09-26 12:11:00','2022-09-26 12:11:00',299,'버섯류','1개','양념 B','1T'),
(300,'2022-09-26 12:11:00','2022-09-26 12:11:00',300,'건어물류','1개','양념 B','1T'),
(301,'2022-09-26 12:11:00','2022-09-26 12:11:00',301,'닭고기','1개','양념 B','1T'),
(302,'2022-09-26 12:11:00','2022-09-26 12:11:00',302,'해조류','1개','양념 B','1T'),
(303,'2022-09-26 12:11:00','2022-09-26 12:11:00',303,'닭고기','1개','양념 B','1T'),
(304,'2022-09-26 12:18:22','2022-09-26 12:18:22',304,'오이,양파(선택)','3개,1개','고춧가루,간장,참기름','1T,1T,약간'),
(305,'2022-09-27 21:32:20','2022-09-27 22:13:22',305,'소세지,양파,파프리카','300g,1/2개,1개','케찹,간장,올리고당,고추장','3T,1T,2T,1T'),
(306,'2022-10-01 00:50:31','2022-10-01 00:50:31',306,'오리훈제,양파,파프리카,각종야채','300g,1개,1개,취향껏','간장','1T'),
(307,'2022-10-04 02:30:17','2022-10-04 02:30:17',307,'양파','aa','',''),
(308,'2022-10-04 02:48:47','2022-10-04 02:48:47',308,'재료1','asd','',''),
(309,'2022-10-04 03:03:40','2022-10-04 03:03:40',309,'갈치,양파','2마리,1/2개','간장,고춧가루','2T,3T'),
(310,'2022-10-04 03:13:31','2022-10-04 03:13:31',310,'ㅇㅇ','ㅇㅇㅇ','',''),
(311,'2022-10-04 03:16:09','2022-10-04 03:16:09',311,'ㅇㅇㅇ','ㅈㄷㄷ','',''),
(312,'2022-10-04 03:43:46','2022-10-05 19:23:22',312,'돼지고기,대파,양파','400g,1개,반개','고추장,간장,설탕','2T,1T,1T');

/*Table structure for table `member` */

DROP TABLE IF EXISTS `member`;

CREATE TABLE `member` (
  `id` int(10) unsigned NOT NULL AUTO_INCREMENT,
  `regDate` datetime NOT NULL,
  `updateDate` datetime NOT NULL,
  `loginId` char(30) NOT NULL,
  `loginPw` varchar(100) NOT NULL,
  `authLevel` smallint(2) unsigned DEFAULT 3 COMMENT '(3=일반, 7=관리자)',
  `nickname` char(20) NOT NULL,
  `cellphoneNo` char(30) NOT NULL,
  `email` char(50) NOT NULL,
  `delStatus` tinyint(1) unsigned NOT NULL DEFAULT 0 COMMENT '탈퇴여부(0=탈퇴전, 1=탈퇴)',
  `delDate` datetime DEFAULT NULL COMMENT '탈퇴날짜',
  PRIMARY KEY (`id`)
) ENGINE=InnoDB AUTO_INCREMENT=11 DEFAULT CHARSET=utf8mb4;

/*Data for the table `member` */

insert  into `member`(`id`,`regDate`,`updateDate`,`loginId`,`loginPw`,`authLevel`,`nickname`,`cellphoneNo`,`email`,`delStatus`,`delDate`) values 
(1,'2022-09-26 12:10:34','2022-09-26 12:10:34','admin','8c6976e5b5410415bde908bd4dee15dfb167a9c873fc4bb8a81f6f2ab448a918',7,'관리자','010-1234-1234','admin@gmail.com',0,NULL),
(2,'2022-09-26 12:10:34','2022-09-27 11:14:49','test1','1b4f0e9851971998e732078544c96b36c3d01cedf7caa332359d6f1d83567014',3,'몽룡','010-7777-1177','test1@gmail.com',0,NULL),
(3,'2022-09-26 12:10:34','2022-09-26 12:10:34','test2','60303ae22b998861bce3b28f33eec1be758a213c86c93c076dbe9f558c11c752',3,'춘향','010-9631-9631','test2@gmail.com',0,NULL),
(4,'2022-09-26 12:10:34','2022-09-26 12:10:34','test3','fd61a03af4f77d870fc21e05e7e80678095c92d808cfb3b5c279ee04c74aca13',3,'임꺽정','010-3434-3434','test3@gmail.com',1,'2022-09-26 12:25:17'),
(5,'2022-09-26 12:10:34','2022-09-27 11:17:37','test4','a4e624d686e03ed2767c0abd85c14426b0b1157d2ce81d27bb4fe4f6f01d688a',3,'홍길동','010-8989-5656','test4@gmail.com',0,NULL),
(6,'2022-09-26 12:12:11','2022-09-27 19:00:05','test5','a140c0c1eda2def2b830363ba362aa4d7d255c262960544821f556e16661b6ff',3,'오구','010-5959-5555','test5@gmail.com',0,NULL),
(7,'2022-09-26 12:57:51','2022-09-30 20:57:06','test11','744ea9ec6fa0a83e9764b4e323d5be6b55a5accfc7fe4c08eab6a8de1fca4855',3,'일일','010-1111-1111','test11@gmail.com',0,NULL),
(10,'2022-09-29 19:17:43','2022-09-29 19:17:43','test6','ed0cb90bdfa4f93981a7d03cff99213a86aa96a6cbcf89ec5e8889871f088727',3,'육룡이','010-6689-6646','test6@gmail.com',0,NULL);

/*Table structure for table `reactionPoint` */

DROP TABLE IF EXISTS `reactionPoint`;

CREATE TABLE `reactionPoint` (
  `id` int(10) unsigned NOT NULL AUTO_INCREMENT,
  `regDate` datetime NOT NULL,
  `updateDate` datetime NOT NULL,
  `memberId` int(10) unsigned NOT NULL,
  `relTypeCode` char(30) NOT NULL COMMENT '관련데이터타입코드',
  `relId` int(10) unsigned NOT NULL COMMENT '관련데이터번호',
  `point` smallint(2) NOT NULL,
  PRIMARY KEY (`id`)
) ENGINE=InnoDB AUTO_INCREMENT=9 DEFAULT CHARSET=utf8mb4;

/*Data for the table `reactionPoint` */

insert  into `reactionPoint`(`id`,`regDate`,`updateDate`,`memberId`,`relTypeCode`,`relId`,`point`) values 
(1,'2022-09-26 12:10:34','2022-09-26 12:10:34',1,'recipe',1,1),
(2,'2022-09-26 12:10:34','2022-09-26 12:10:34',1,'recipe',2,1),
(3,'2022-09-26 12:10:34','2022-09-26 12:10:34',2,'recipe',1,1),
(4,'2022-09-26 12:10:34','2022-09-26 12:10:34',2,'recipe',3,1),
(5,'2022-09-26 12:10:34','2022-09-26 12:10:34',3,'recipe',1,1),
(8,'2022-10-01 00:50:50','2022-10-01 00:50:50',3,'recipe',299,1);

/*Table structure for table `recipe` */

DROP TABLE IF EXISTS `recipe`;

CREATE TABLE `recipe` (
  `id` int(10) unsigned NOT NULL AUTO_INCREMENT,
  `regDate` datetime NOT NULL,
  `updateDate` datetime NOT NULL,
  `memberId` int(10) unsigned NOT NULL,
  `title` char(100) NOT NULL,
  `body` text NOT NULL,
  `amount` int(10) unsigned NOT NULL DEFAULT 1,
  `time` int(10) unsigned NOT NULL DEFAULT 5,
  `level` int(10) unsigned NOT NULL DEFAULT 1 COMMENT '(1=누구나, 2=초급, 3=중급, 4=고급)',
  `guideId` int(10) unsigned NOT NULL DEFAULT 0,
  `ingredientId` int(10) unsigned NOT NULL DEFAULT 0,
  `hitCount` int(10) unsigned NOT NULL DEFAULT 0,
  `goodRP` int(10) unsigned NOT NULL DEFAULT 0,
  `scrap` int(10) unsigned NOT NULL DEFAULT 0,
  `tip` text DEFAULT NULL,
  PRIMARY KEY (`id`)
) ENGINE=InnoDB AUTO_INCREMENT=313 DEFAULT CHARSET=utf8mb4;

/*Data for the table `recipe` */

insert  into `recipe`(`id`,`regDate`,`updateDate`,`memberId`,`title`,`body`,`amount`,`time`,`level`,`guideId`,`ingredientId`,`hitCount`,`goodRP`,`scrap`,`tip`) values 
(1,'2022-09-26 12:10:34','2022-09-26 12:10:34',2,'감자볶음','손쉽게 만들어요.',3,15,1,1,1,109,3,2,NULL),
(2,'2022-09-26 12:10:34','2022-09-26 12:10:34',2,'소갈비찜','온가족 든든하게 즐겨요.',4,120,4,2,2,354,1,1,'핏물 뺄 시간이 부족하다면 끓는 물에 5분 정도 넣었다 빼시돼요.'),
(3,'2022-09-26 12:10:34','2022-09-26 12:10:34',3,'로제파스타','한번만 먹어본 사람은 없다.',2,20,3,3,3,48,1,1,NULL),
(4,'2022-09-26 12:10:50','2022-09-26 12:10:50',5,'소스/양념/달걀/유제품조림/도시락','소스양념달걀유제품조림도시락',1,5,1,4,4,307,137,136,NULL),
(5,'2022-09-26 12:10:50','2022-09-26 12:10:50',3,'달걀/유제품/달걀/유제품전/부침/술안주','달걀유제품달걀유제품전부침술안주',1,5,1,5,5,389,178,99,NULL),
(6,'2022-09-26 12:10:50','2022-09-26 12:10:50',5,'소스/양념/가공식품무치기','소스양념가공식품무치기',1,5,1,6,6,199,149,304,NULL),
(7,'2022-09-26 12:10:50','2022-09-26 12:10:50',4,'면/국수무치기/간편식','면국수무치기간편식',1,5,1,7,7,115,21,321,NULL),
(8,'2022-09-26 12:10:50','2022-09-26 12:10:50',3,'한식/닭고기볶기/다이어트','한식닭고기볶기다이어트',1,5,1,8,8,387,54,207,NULL),
(9,'2022-09-26 12:10:50','2022-09-26 12:10:50',3,'동남아식/채소류무치기/다이어트','동남아식채소류무치기다이어트',1,5,1,9,9,411,30,343,NULL),
(10,'2022-09-26 12:10:50','2022-09-26 12:10:50',2,'밥/죽/해조류굽기/해장','밥죽해조류굽기해장',1,5,1,10,10,496,90,104,NULL),
(11,'2022-09-26 12:10:50','2022-09-26 12:10:50',5,'메인반찬/가공식품무치기/술안주','메인반찬가공식품무치기술안주',1,5,1,11,11,420,27,276,NULL),
(12,'2022-09-26 12:10:50','2022-09-26 12:10:50',5,'음료/차/갑각류굽기','음료차갑각류굽기',1,5,1,12,12,330,106,100,NULL),
(13,'2022-09-26 12:10:50','2022-09-26 12:10:50',5,'음료/차/구황작물전/부침/간편식','음료차구황작물전부침간편식',1,5,1,13,13,621,168,120,NULL),
(14,'2022-09-26 12:10:50','2022-09-26 12:10:50',3,'동남아식/해조류데치기/영양식','동남아식해조류데치기영양식',1,5,1,14,14,131,39,326,NULL),
(15,'2022-09-26 12:10:50','2022-09-26 12:10:50',5,'국/탕/찌게/해조류/술안주','국탕찌게해조류술안주',1,5,1,15,15,118,16,210,NULL),
(16,'2022-09-26 12:10:50','2022-09-26 12:10:50',2,'국/탕/찌게/닭고기데치기/기념일','국탕찌게닭고기데치기기념일',1,5,1,16,16,389,151,343,NULL),
(17,'2022-09-26 12:10:50','2022-09-26 12:10:50',5,'소스/양념/건어물류전/부침/야식','소스양념건어물류전부침야식',1,5,1,17,17,486,127,83,NULL),
(18,'2022-09-26 12:10:50','2022-09-26 12:10:50',4,'한식/돼지고기튀김/술안주','한식돼지고기튀김술안주',1,5,1,18,18,145,53,217,NULL),
(19,'2022-09-26 12:10:50','2022-09-26 12:10:50',1,'갑각류/갑각류무치기/집들이','갑각류갑각류무치기집들이',1,5,1,19,19,443,60,224,NULL),
(20,'2022-09-26 12:10:50','2022-09-26 12:10:50',5,'동남아식/쌀/밀굽기/술안주','동남아식쌀밀굽기술안주',1,5,1,20,20,199,60,203,NULL),
(21,'2022-09-26 12:10:50','2022-09-26 12:10:50',3,'면/국수/해조류끓이기/해장','면국수해조류끓이기해장',1,5,1,21,21,46,1,93,NULL),
(22,'2022-09-26 12:10:50','2022-09-26 12:10:50',3,'동남아식/채소류찜/기념일','동남아식채소류찜기념일',1,5,1,22,22,371,64,279,NULL),
(23,'2022-09-26 12:10:50','2022-09-26 12:10:50',4,'한식/버섯류끓이기/야식','한식버섯류끓이기야식',1,5,1,23,23,410,5,255,NULL),
(24,'2022-09-26 12:10:50','2022-09-26 12:10:50',1,'음료/차/소고기데치기/집들이','음료차소고기데치기집들이',1,5,1,24,24,203,114,228,NULL),
(25,'2022-09-26 12:10:50','2022-09-26 12:10:50',2,'한식/가공식품전/부침/집들이','한식가공식품전부침집들이',1,5,1,25,25,346,110,277,NULL),
(26,'2022-09-26 12:10:50','2022-09-26 12:10:50',3,'음료/차/쌀/밀전/부침/집들이','음료차쌀밀전부침집들이',1,5,1,26,26,477,62,62,NULL),
(28,'2022-09-26 12:10:50','2022-09-26 12:10:50',4,'동남아식/가공식품무치기/술안주','동남아식가공식품무치기술안주',1,5,1,28,28,147,61,287,NULL),
(29,'2022-09-26 12:10:50','2022-09-26 12:10:50',1,'음료/차/가공식품볶기/야식','음료차가공식품볶기야식',1,5,1,29,29,370,38,166,NULL),
(30,'2022-09-26 12:10:50','2022-09-26 12:10:50',3,'건어물류/건어물류볶기/집들이','건어물류건어물류볶기집들이',1,5,1,30,30,560,161,211,NULL),
(31,'2022-09-26 12:10:50','2022-09-26 12:10:50',1,'소스/양념/갑각류튀김/집들이','소스양념갑각류튀김집들이',1,5,1,31,31,617,119,55,NULL),
(32,'2022-09-26 12:10:50','2022-09-26 12:10:50',2,'베이커리/견과류/곡류조림/술안주','베이커리견과류곡류조림술안주',1,5,1,32,32,492,200,187,NULL),
(33,'2022-09-26 12:10:50','2022-09-26 12:10:50',1,'일식/해조류무치기/야식','일식해조류무치기야식',1,5,1,33,33,600,133,254,NULL),
(34,'2022-09-26 12:10:50','2022-09-26 12:10:50',2,'한식/돼지고기데치기/다이어트','한식돼지고기데치기다이어트',1,5,1,34,34,586,126,342,NULL),
(35,'2022-09-26 12:10:50','2022-09-26 12:10:50',2,'음료/차/견과류/곡류끓이기/도시락','음료차견과류곡류끓이기도시락',1,5,1,35,35,592,199,8,NULL),
(36,'2022-09-26 12:10:50','2022-09-26 12:10:50',4,'한식/가공식품조림/야식','한식가공식품조림야식',1,5,1,36,36,117,29,224,NULL),
(37,'2022-09-26 12:10:50','2022-09-26 12:10:50',5,'한식/닭고기전/부침/해장','한식닭고기전부침해장',1,5,1,37,37,416,155,333,NULL),
(38,'2022-09-26 12:10:50','2022-09-26 12:10:50',4,'면/국수/생선류/해장','면국수생선류해장',1,5,1,38,38,127,86,100,NULL),
(39,'2022-09-26 12:10:50','2022-09-26 12:10:50',3,'면/국수/달걀/유제품전/부침/해장','면국수달걀유제품전부침해장',1,5,1,39,39,451,29,303,NULL),
(41,'2022-09-26 12:10:50','2022-09-26 12:10:50',3,'메인반찬/구황작물조림','메인반찬구황작물조림',1,5,1,41,41,289,132,238,NULL),
(42,'2022-09-26 12:10:50','2022-09-26 12:10:50',3,'중식/소고기/다이어트','중식소고기다이어트',1,5,1,42,42,398,86,39,NULL),
(43,'2022-09-26 12:10:50','2022-09-26 12:10:50',1,'양식/생선류삶기','양식생선류삶기',1,5,1,43,43,154,53,342,NULL),
(44,'2022-09-26 12:10:50','2022-09-26 12:10:50',5,'일식/달걀/유제품볶기/간편식','일식달걀유제품볶기간편식',1,5,1,44,44,88,20,198,NULL),
(45,'2022-09-26 12:10:50','2022-09-26 12:10:50',3,'소스/양념/소고기삶기/야식','소스양념소고기삶기야식',1,5,1,45,45,140,105,323,NULL),
(46,'2022-09-26 12:10:50','2022-09-26 12:10:50',4,'밥/죽/해조류찜/영양식','밥죽해조류찜영양식',1,5,1,46,46,475,8,149,NULL),
(47,'2022-09-26 12:10:50','2022-09-26 12:10:50',3,'견과류/곡류/견과류/곡류볶기/술안주','견과류곡류견과류곡류볶기술안주',1,5,1,47,47,238,3,274,NULL),
(48,'2022-09-26 12:10:50','2022-09-26 12:10:50',4,'한식/해조류찜/기념일','한식해조류찜기념일',1,5,1,48,48,446,174,350,NULL),
(49,'2022-09-26 12:10:50','2022-09-26 12:10:50',2,'음료/차/소고기볶기/기념일','음료차소고기볶기기념일',1,5,1,49,49,233,79,340,NULL),
(50,'2022-09-26 12:10:50','2022-09-26 12:10:50',2,'음료/차/과일류끓이기/기념일','음료차과일류끓이기기념일',1,5,1,50,50,589,134,149,NULL),
(51,'2022-09-26 12:10:50','2022-09-26 12:10:50',5,'양식/해조류볶기/간편식','양식해조류볶기간편식',1,5,1,51,51,337,24,112,NULL),
(52,'2022-09-26 12:10:50','2022-09-26 12:10:50',3,'한식볶기/영양식','한식볶기영양식',1,5,1,52,52,243,48,83,NULL),
(53,'2022-09-26 12:10:50','2022-09-26 12:10:50',3,'메인반찬/견과류/곡류무치기/술안주','메인반찬견과류곡류무치기술안주',1,5,1,53,53,133,93,211,NULL),
(54,'2022-09-26 12:10:50','2022-09-26 12:10:50',5,'일식/돼지고기무치기/술안주','일식돼지고기무치기술안주',1,5,1,54,54,230,125,107,NULL),
(55,'2022-09-26 12:10:50','2022-09-26 12:10:50',1,'소스/양념/견과류/곡류무치기','소스양념견과류곡류무치기',1,5,1,55,55,548,132,134,NULL),
(56,'2022-09-26 12:10:50','2022-09-26 12:10:50',3,'메인반찬/견과류/곡류삶기/도시락','메인반찬견과류곡류삶기도시락',1,5,1,56,56,429,186,171,NULL),
(57,'2022-09-26 12:10:50','2022-09-26 12:10:50',5,'장류/소고기무치기/도시락','장류소고기무치기도시락',1,5,1,57,57,641,131,284,NULL),
(58,'2022-09-26 12:10:50','2022-09-26 12:10:50',3,'일식/생선류끓이기/다이어트','일식생선류끓이기다이어트',1,5,1,58,58,180,19,10,NULL),
(59,'2022-09-26 12:10:50','2022-09-26 12:10:50',4,'소스/양념/버섯류/술안주','소스양념버섯류술안주',1,5,1,59,59,545,173,84,NULL),
(60,'2022-09-26 12:10:50','2022-09-26 12:10:50',5,'음료/차/견과류/곡류끓이기/영양식','음료차견과류곡류끓이기영양식',1,5,1,60,60,487,119,91,NULL),
(61,'2022-09-26 12:10:50','2022-09-26 12:10:50',2,'메인반찬/돼지고기삶기/영양식','메인반찬돼지고기삶기영양식',1,5,1,61,61,333,103,277,NULL),
(62,'2022-09-26 12:10:50','2022-09-26 12:10:50',2,'동남아식/생선류볶기/기념일','동남아식생선류볶기기념일',1,5,1,62,62,124,81,230,NULL),
(63,'2022-09-26 12:10:50','2022-09-26 12:10:50',3,'한식/닭고기볶기/다이어트','한식닭고기볶기다이어트',1,5,1,63,63,39,15,134,NULL),
(64,'2022-09-26 12:10:50','2022-09-26 12:10:50',3,'동남아식/채소류무치기/다이어트','동남아식채소류무치기다이어트',1,5,1,64,64,631,140,117,NULL),
(65,'2022-09-26 12:10:50','2022-09-26 12:10:50',3,'장류/소고기무치기/기념일','장류소고기무치기기념일',1,5,1,65,65,500,117,321,NULL),
(66,'2022-09-26 12:10:50','2022-09-26 12:10:50',4,'베이커리/구황작물무치기/도시락','베이커리구황작물무치기도시락',1,5,1,66,66,609,166,134,NULL),
(67,'2022-09-26 12:10:50','2022-09-26 12:10:50',5,'베이커리/갑각류찜/간편식','베이커리갑각류찜간편식',1,5,1,67,67,153,87,4,NULL),
(69,'2022-09-26 12:10:50','2022-09-26 12:10:50',5,'음료/차/돼지고기튀김/집들이','음료차돼지고기튀김집들이',1,5,1,69,69,396,100,77,NULL),
(70,'2022-09-26 12:10:50','2022-09-26 12:10:50',4,'국/탕/찌게끓이기/술안주','국탕찌게끓이기술안주',1,5,1,70,70,608,123,140,NULL),
(71,'2022-09-26 12:10:50','2022-09-26 12:10:50',1,'중식/해조류삶기','중식해조류삶기',1,5,1,71,71,46,33,218,NULL),
(73,'2022-09-26 12:10:50','2022-09-26 12:10:50',2,'양식/건어물류볶기/집들이','양식건어물류볶기집들이',1,5,1,73,73,107,29,45,NULL),
(74,'2022-09-26 12:10:50','2022-09-26 12:10:50',3,'메인반찬/생선류전/부침/간편식','메인반찬생선류전부침간편식',1,5,1,74,74,67,42,227,NULL),
(75,'2022-09-26 12:10:50','2022-09-26 12:10:50',5,'베이커리/구황작물전/부침/기념일','베이커리구황작물전부침기념일',1,5,1,75,75,495,125,57,NULL),
(76,'2022-09-26 12:10:50','2022-09-26 12:10:50',4,'장류/가공식품삶기/도시락','장류가공식품삶기도시락',1,5,1,76,76,477,190,85,NULL),
(77,'2022-09-26 12:10:50','2022-09-26 12:10:50',4,'베이커리/버섯류끓이기/간편식','베이커리버섯류끓이기간편식',1,5,1,77,77,394,76,56,NULL),
(78,'2022-09-26 12:10:50','2022-09-26 12:10:50',5,'일식/채소류삶기/집들이','일식채소류삶기집들이',1,5,1,78,78,365,134,298,NULL),
(79,'2022-09-26 12:10:50','2022-09-26 12:10:50',3,'동남아식/소고기끓이기/다이어트','동남아식소고기끓이기다이어트',1,5,1,79,79,253,51,247,NULL),
(81,'2022-09-26 12:10:50','2022-09-26 12:10:50',2,'일식/갑각류무치기/술안주','일식갑각류무치기술안주',1,5,1,81,81,547,73,215,NULL),
(82,'2022-09-26 12:10:50','2022-09-26 12:10:50',1,'소스/양념/버섯류굽기/다이어트','소스양념버섯류굽기다이어트',1,5,1,82,82,615,196,20,NULL),
(83,'2022-09-26 12:10:50','2022-09-26 12:10:50',4,'국/탕/찌게/가공식품전/부침/술안주','국탕찌게가공식품전부침술안주',1,5,1,83,83,244,69,189,NULL),
(84,'2022-09-26 12:10:50','2022-09-26 12:10:50',4,'중식/달걀/유제품데치기/집들이','중식달걀유제품데치기집들이',1,5,1,84,84,252,135,262,NULL),
(85,'2022-09-26 12:10:50','2022-09-26 12:10:50',5,'장류/버섯류굽기/도시락','장류버섯류굽기도시락',1,5,1,85,85,204,144,118,NULL),
(86,'2022-09-26 12:10:50','2022-09-26 12:10:50',1,'베이커리/버섯류/해장','베이커리버섯류해장',1,5,1,86,86,556,107,231,NULL),
(87,'2022-09-26 12:10:50','2022-09-26 12:10:50',4,'삶기/해장','삶기해장',1,5,1,87,87,203,140,175,NULL),
(88,'2022-09-26 12:10:50','2022-09-26 12:10:50',3,'밥/죽/닭고기튀김/해장','밥죽닭고기튀김해장',1,5,1,88,88,549,83,199,NULL),
(89,'2022-09-26 12:10:50','2022-09-26 12:10:50',3,'양식/가공식품무치기/해장','양식가공식품무치기해장',1,5,1,89,89,262,119,93,NULL),
(90,'2022-09-26 12:10:50','2022-09-26 12:10:50',5,'밥/죽/건어물류무치기/영양식','밥죽건어물류무치기영양식',1,5,1,90,90,425,110,328,NULL),
(91,'2022-09-26 12:10:50','2022-09-26 12:10:50',5,'일식/닭고기삶기/술안주','일식닭고기삶기술안주',1,5,1,91,91,153,8,131,NULL),
(94,'2022-09-26 12:10:50','2022-09-26 12:10:50',3,'일식/돼지고기/도시락','일식돼지고기도시락',1,5,1,94,94,156,145,49,NULL),
(95,'2022-09-26 12:10:50','2022-09-26 12:10:50',2,'음료/차/소고기데치기/술안주','음료차소고기데치기술안주',1,5,1,95,95,245,104,59,NULL),
(96,'2022-09-26 12:10:50','2022-09-26 12:10:50',4,'면/국수/건어물류끓이기/간편식','면국수건어물류끓이기간편식',1,5,1,96,96,229,59,332,NULL),
(97,'2022-09-26 12:10:50','2022-09-26 12:10:50',5,'면/국수/과일류볶기/해장','면국수과일류볶기해장',1,5,1,97,97,602,175,178,NULL),
(98,'2022-09-26 12:10:50','2022-09-26 12:10:50',1,'일식/버섯류데치기','일식버섯류데치기',1,5,1,98,98,310,184,27,NULL),
(100,'2022-09-26 12:10:50','2022-09-26 12:10:50',3,'메인반찬끓이기/해장','메인반찬끓이기해장',1,5,1,100,100,483,127,162,NULL),
(101,'2022-09-26 12:10:50','2022-09-26 12:10:50',4,'음료/차/닭고기굽기/간편식','음료차닭고기굽기간편식',1,5,1,101,101,322,82,231,NULL),
(103,'2022-09-26 12:10:50','2022-09-26 12:10:50',4,'메인반찬/견과류/곡류/해장','메인반찬견과류곡류해장',1,5,1,103,103,537,102,180,NULL),
(104,'2022-09-26 12:10:50','2022-09-26 12:10:50',4,'장류/구황작물굽기/기념일','장류구황작물굽기기념일',1,5,1,104,104,279,9,236,NULL),
(105,'2022-09-26 12:10:50','2022-09-26 12:10:50',4,'소스/양념/소고기전/부침/기념일','소스양념소고기전부침기념일',1,5,1,105,105,100,49,66,NULL),
(106,'2022-09-26 12:10:50','2022-09-26 12:10:50',5,'일식/소고기/다이어트','일식소고기다이어트',1,5,1,106,106,490,43,173,NULL),
(107,'2022-09-26 12:10:50','2022-09-26 12:10:50',3,'음료/차/구황작물끓이기/간편식','음료차구황작물끓이기간편식',1,5,1,107,107,247,166,233,NULL),
(108,'2022-09-26 12:10:50','2022-09-26 12:10:50',1,'채소류/채소류조림/해장','채소류채소류조림해장',1,5,1,108,108,229,167,64,NULL),
(109,'2022-09-26 12:10:50','2022-09-26 12:10:50',4,'중식/생선류굽기/기념일','중식생선류굽기기념일',1,5,1,109,109,151,82,169,NULL),
(110,'2022-09-26 12:10:50','2022-09-26 12:10:50',3,'밥/죽/과일류무치기','밥죽과일류무치기',1,5,1,110,110,194,39,182,NULL),
(111,'2022-09-26 12:10:50','2022-09-26 12:10:50',1,'동남아식/버섯류무치기/도시락','동남아식버섯류무치기도시락',1,5,1,111,111,74,3,181,NULL),
(112,'2022-09-26 12:10:50','2022-09-26 12:10:50',1,'음료/차찜/술안주','음료차찜술안주',1,5,1,112,112,496,107,42,NULL),
(113,'2022-09-26 12:10:50','2022-09-26 12:10:50',5,'일식/쌀/밀전/부침/기념일','일식쌀밀전부침기념일',1,5,1,113,113,431,199,216,NULL),
(114,'2022-09-26 12:10:50','2022-09-26 12:10:50',1,'밑반찬/버섯류데치기/기념일','밑반찬버섯류데치기기념일',1,5,1,114,114,509,17,200,NULL),
(115,'2022-09-26 12:10:50','2022-09-26 12:10:50',2,'소스/양념/소고기전/부침/영양식','소스양념소고기전부침영양식',1,5,1,115,115,362,121,111,NULL),
(117,'2022-09-26 12:10:50','2022-09-26 12:10:50',4,'음료/차/달걀/유제품볶기/영양식','음료차달걀유제품볶기영양식',1,5,1,117,117,455,3,168,NULL),
(118,'2022-09-26 12:10:50','2022-09-26 12:10:50',1,'음료/차/닭고기튀김/야식','음료차닭고기튀김야식',1,5,1,118,118,128,72,126,NULL),
(119,'2022-09-26 12:10:50','2022-09-26 12:10:50',2,'달걀/유제품/달걀/유제품굽기/도시락','달걀유제품달걀유제품굽기도시락',1,5,1,119,119,572,145,183,NULL),
(120,'2022-09-26 12:10:50','2022-09-26 12:10:50',4,'음료/차/견과류/곡류삶기/야식','음료차견과류곡류삶기야식',1,5,1,120,120,558,91,243,NULL),
(121,'2022-09-26 12:10:50','2022-09-26 12:10:50',1,'양식삶기/술안주','양식삶기술안주',1,5,1,121,121,73,23,166,NULL),
(122,'2022-09-26 12:10:50','2022-09-26 12:10:50',5,'양식/해조류끓이기','양식해조류끓이기',1,5,1,122,122,359,8,266,NULL),
(123,'2022-09-26 12:10:50','2022-09-26 12:10:50',5,'달걀/유제품/달걀/유제품전/부침/해장','달걀유제품달걀유제품전부침해장',1,5,1,123,123,242,137,49,NULL),
(124,'2022-09-26 12:10:50','2022-09-26 12:10:50',5,'일식/쌀/밀데치기/간편식','일식쌀밀데치기간편식',1,5,1,124,124,605,131,293,NULL),
(125,'2022-09-26 12:10:50','2022-09-26 12:10:50',4,'밥/죽/가공식품전/부침/기념일','밥죽가공식품전부침기념일',1,5,1,125,125,88,44,209,NULL),
(126,'2022-09-26 12:10:50','2022-09-26 12:10:50',4,'한식/건어물류/다이어트','한식건어물류다이어트',1,5,1,126,126,368,63,274,NULL),
(127,'2022-09-26 12:10:50','2022-09-26 12:10:50',4,'일식/갑각류/다이어트','일식갑각류다이어트',1,5,1,127,127,584,195,181,NULL),
(128,'2022-09-26 12:10:50','2022-09-26 12:10:50',2,'면/국수/가공식품찜/간편식','면국수가공식품찜간편식',1,5,1,128,128,165,132,261,NULL),
(129,'2022-09-26 12:10:50','2022-09-26 12:10:50',4,'음료/차/채소류볶기/영양식','음료차채소류볶기영양식',1,5,1,129,129,645,150,175,NULL),
(130,'2022-09-26 12:10:50','2022-09-26 12:10:50',2,'면/국수/소고기/해장','면국수소고기해장',1,5,1,130,130,427,51,268,NULL),
(131,'2022-09-26 12:10:50','2022-09-26 12:10:50',1,'과일류/과일류조림/집들이','과일류과일류조림집들이',1,5,1,131,131,411,15,23,NULL),
(132,'2022-09-26 12:10:50','2022-09-26 12:10:50',4,'밥/죽/채소류조림/다이어트','밥죽채소류조림다이어트',1,5,1,132,132,374,22,122,NULL),
(133,'2022-09-26 12:10:50','2022-09-26 12:10:50',2,'면/국수/갑각류조림/해장','면국수갑각류조림해장',1,5,1,133,133,154,83,7,NULL),
(134,'2022-09-26 12:10:50','2022-09-26 12:10:50',1,'면/국수/과일류전/부침/기념일','면국수과일류전부침기념일',1,5,1,134,134,468,171,76,NULL),
(135,'2022-09-26 12:10:50','2022-09-26 12:10:50',1,'동남아식/갑각류튀김/집들이','동남아식갑각류튀김집들이',1,5,1,135,135,376,104,330,NULL),
(136,'2022-09-26 12:10:50','2022-09-26 12:10:50',2,'중식/견과류/곡류조림/기념일','중식견과류곡류조림기념일',1,5,1,136,136,501,30,322,NULL),
(137,'2022-09-26 12:10:50','2022-09-26 12:10:50',1,'밑반찬/견과류/곡류전/부침/다이어트','밑반찬견과류곡류전부침다이어트',1,5,1,137,137,66,30,346,NULL),
(138,'2022-09-26 12:10:50','2022-09-26 12:10:50',3,'메인반찬/가공식품조림/다이어트','메인반찬가공식품조림다이어트',1,5,1,138,138,367,99,178,NULL),
(139,'2022-09-26 12:10:50','2022-09-26 12:10:50',3,'면/국수/갑각류조림/술안주','면국수갑각류조림술안주',1,5,1,139,139,239,11,258,NULL),
(140,'2022-09-26 12:10:50','2022-09-26 12:10:50',1,'베이커리/달걀/유제품무치기/야식','베이커리달걀유제품무치기야식',1,5,1,140,140,446,106,151,NULL),
(141,'2022-09-26 12:10:50','2022-09-26 12:10:50',3,'한식/구황작물조림/집들이','한식구황작물조림집들이',1,5,1,141,141,125,113,184,NULL),
(142,'2022-09-26 12:10:50','2022-09-26 12:10:50',2,'국/탕/찌게/구황작물끓이기/간편식','국탕찌게구황작물끓이기간편식',1,5,1,142,142,227,187,29,NULL),
(143,'2022-09-26 12:10:50','2022-09-26 12:10:50',1,'동남아식/닭고기조림/다이어트','동남아식닭고기조림다이어트',1,5,1,143,143,286,124,295,NULL),
(144,'2022-09-26 12:10:50','2022-09-26 12:10:50',3,'양식/소고기조림/술안주','양식소고기조림술안주',1,5,1,144,144,263,72,93,NULL),
(146,'2022-09-26 12:10:50','2022-09-26 12:10:50',1,'면/국수/닭고기무치기/야식','면국수닭고기무치기야식',1,5,1,146,146,378,113,149,NULL),
(147,'2022-09-26 12:10:50','2022-09-26 12:10:50',5,'메인반찬/구황작물무치기/도시락','메인반찬구황작물무치기도시락',1,5,1,147,147,503,87,311,NULL),
(148,'2022-09-26 12:10:50','2022-09-26 12:10:50',3,'베이커리/견과류/곡류조림/집들이','베이커리견과류곡류조림집들이',1,5,1,148,148,315,28,12,NULL),
(149,'2022-09-26 12:10:50','2022-09-26 12:10:50',1,'베이커리/해조류찜/영양식','베이커리해조류찜영양식',1,5,1,149,149,337,151,233,NULL),
(150,'2022-09-26 12:10:50','2022-09-26 12:10:50',4,'밥/죽/과일류조림','밥죽과일류조림',1,5,1,150,150,80,12,102,NULL),
(151,'2022-09-26 12:10:50','2022-09-26 12:10:50',3,'베이커리/채소류굽기/해장','베이커리채소류굽기해장',1,5,1,151,151,342,58,198,NULL),
(152,'2022-09-26 12:10:50','2022-09-26 12:10:50',3,'면/국수/달걀/유제품굽기/영양식','면국수달걀유제품굽기영양식',1,5,1,152,152,406,192,33,NULL),
(153,'2022-09-26 12:10:50','2022-09-26 12:10:50',5,'양식/쌀/밀데치기/간편식','양식쌀밀데치기간편식',1,5,1,153,153,334,118,235,NULL),
(154,'2022-09-26 12:10:50','2022-09-26 12:10:50',5,'국/탕/찌게/구황작물조림/술안주','국탕찌게구황작물조림술안주',1,5,1,154,154,559,118,323,NULL),
(155,'2022-09-26 12:10:50','2022-09-26 12:10:50',4,'일식/건어물류끓이기/다이어트','일식건어물류끓이기다이어트',1,5,1,155,155,223,169,160,NULL),
(156,'2022-09-26 12:10:50','2022-09-26 12:10:50',4,'중식/닭고기','중식닭고기',1,5,1,156,156,598,149,122,NULL),
(157,'2022-09-26 12:10:50','2022-09-26 12:10:50',4,'면/국수/쌀/밀데치기/다이어트','면국수쌀밀데치기다이어트',1,5,1,157,157,182,103,180,NULL),
(158,'2022-09-26 12:10:50','2022-09-26 12:10:50',1,'해조류/해조류전/부침/해장','해조류해조류전부침해장',1,5,1,158,158,56,6,211,NULL),
(159,'2022-09-26 12:10:50','2022-09-26 12:10:50',2,'메인반찬/구황작물볶기/해장','메인반찬구황작물볶기해장',1,5,1,159,159,195,185,286,NULL),
(161,'2022-09-26 12:10:50','2022-09-26 12:10:50',2,'쌀/밀/쌀/밀데치기/다이어트','쌀밀쌀밀데치기다이어트',1,5,1,161,161,603,120,236,NULL),
(162,'2022-09-26 12:10:50','2022-09-26 12:10:50',1,'메인반찬끓이기/술안주','메인반찬끓이기술안주',1,5,1,162,162,311,112,274,NULL),
(163,'2022-09-26 12:10:50','2022-09-26 12:10:50',3,'동남아식/닭고기조림/다이어트','동남아식닭고기조림다이어트',1,5,1,163,163,98,48,293,NULL),
(164,'2022-09-26 12:10:50','2022-09-26 12:10:50',2,'양식/돼지고기끓이기/집들이','양식돼지고기끓이기집들이',1,5,1,164,164,249,94,294,NULL),
(165,'2022-09-26 12:10:50','2022-09-26 12:10:50',4,'면/국수/소고기무치기','면국수소고기무치기',1,5,1,165,165,279,158,145,NULL),
(166,'2022-09-26 12:10:50','2022-09-26 12:10:50',5,'생선류/생선류무치기/도시락','생선류생선류무치기도시락',1,5,1,166,166,281,142,105,NULL),
(167,'2022-09-26 12:10:50','2022-09-26 12:10:50',3,'메인반찬/건어물류찜/해장','메인반찬건어물류찜해장',1,5,1,167,167,406,73,326,NULL),
(168,'2022-09-26 12:10:50','2022-09-26 12:10:50',2,'동남아식/가공식품끓이기/집들이','동남아식가공식품끓이기집들이',1,5,1,168,168,358,111,346,NULL),
(169,'2022-09-26 12:10:50','2022-09-26 12:10:50',2,'일식/돼지고기무치기/술안주','일식돼지고기무치기술안주',1,5,1,169,169,290,53,128,NULL),
(170,'2022-09-26 12:10:50','2022-09-26 12:10:50',2,'메인반찬/구황작물조림','메인반찬구황작물조림',1,5,1,170,170,449,6,15,NULL),
(171,'2022-09-26 12:10:50','2022-09-26 12:10:50',4,'양식/갑각류조림/해장','양식갑각류조림해장',1,5,1,171,171,29,25,173,NULL),
(173,'2022-09-26 12:10:50','2022-09-26 12:10:50',1,'소스/양념/가공식품/영양식','소스양념가공식품영양식',1,5,1,173,173,577,142,190,NULL),
(174,'2022-09-26 12:10:50','2022-09-26 12:10:50',5,'메인반찬/구황작물무치기/기념일','메인반찬구황작물무치기기념일',1,5,1,174,174,221,117,105,NULL),
(175,'2022-09-26 12:10:50','2022-09-26 12:10:50',4,'소스/양념/건어물류전/부침/야식','소스양념건어물류전부침야식',1,5,1,175,175,366,148,276,NULL),
(176,'2022-09-26 12:10:50','2022-09-26 12:10:50',1,'장류/가공식품/도시락','장류가공식품도시락',1,5,1,176,176,420,145,93,NULL),
(177,'2022-09-26 12:10:50','2022-09-26 12:10:50',3,'한식/채소류무치기/야식','한식채소류무치기야식',1,5,1,177,177,252,29,326,NULL),
(178,'2022-09-26 12:10:50','2022-09-26 12:10:50',3,'음료/차/채소류삶기','음료차채소류삶기',1,5,1,178,178,335,45,113,NULL),
(179,'2022-09-26 12:10:50','2022-09-26 12:10:50',3,'밥/죽찜','밥죽찜',1,5,1,179,179,467,189,262,NULL),
(180,'2022-09-26 12:10:50','2022-09-26 12:10:50',1,'밑반찬/돼지고기끓이기/집들이','밑반찬돼지고기끓이기집들이',1,5,1,180,180,201,182,105,NULL),
(181,'2022-09-26 12:10:50','2022-09-26 12:10:50',1,'장류/해조류볶기/간편식','장류해조류볶기간편식',1,5,1,181,181,416,155,340,NULL),
(182,'2022-09-26 12:10:50','2022-09-26 12:10:50',2,'한식/돼지고기볶기/해장','한식돼지고기볶기해장',1,5,1,182,182,357,107,265,NULL),
(183,'2022-09-26 12:10:50','2022-09-26 12:10:50',3,'음료/차/과일류볶기/다이어트','음료차과일류볶기다이어트',1,5,1,183,183,501,36,218,NULL),
(184,'2022-09-26 12:10:50','2022-09-26 12:10:50',1,'면/국수/건어물류삶기/술안주','면국수건어물류삶기술안주',1,5,1,184,184,187,114,343,NULL),
(185,'2022-09-26 12:10:50','2022-09-26 12:10:50',3,'장류/해조류조림/간편식','장류해조류조림간편식',1,5,1,185,185,510,38,5,NULL),
(186,'2022-09-26 12:10:50','2022-09-26 12:10:50',4,'면/국수/해조류끓이기','면국수해조류끓이기',1,5,1,186,186,238,100,159,NULL),
(187,'2022-09-26 12:10:50','2022-09-26 12:10:50',2,'메인반찬/가공식품조림/간편식','메인반찬가공식품조림간편식',1,5,1,187,187,430,153,160,NULL),
(188,'2022-09-26 12:10:50','2022-09-26 12:10:50',1,'일식/생선류무치기/기념일','일식생선류무치기기념일',1,5,1,188,188,670,200,216,NULL),
(189,'2022-09-26 12:10:50','2022-09-26 12:10:50',4,'국/탕/찌게/달걀/유제품삶기/해장','국탕찌게달걀유제품삶기해장',1,5,1,189,189,515,18,207,NULL),
(191,'2022-09-26 12:10:50','2022-09-26 12:10:50',1,'면/국수/닭고기조림/영양식','면국수닭고기조림영양식',1,5,1,191,191,514,52,106,NULL),
(192,'2022-09-26 12:10:50','2022-09-26 12:10:50',5,'소스/양념/과일류튀김/기념일','소스양념과일류튀김기념일',1,5,1,192,192,183,146,260,NULL),
(193,'2022-09-26 12:10:50','2022-09-26 12:10:50',5,'동남아식/생선류튀김/간편식','동남아식생선류튀김간편식',1,5,1,193,193,401,104,132,NULL),
(194,'2022-09-26 12:10:50','2022-09-26 12:10:50',4,'메인반찬/소고기볶기/술안주','메인반찬소고기볶기술안주',1,5,1,194,194,438,63,157,NULL),
(195,'2022-09-26 12:10:50','2022-09-26 12:10:50',1,'한식/해조류굽기/간편식','한식해조류굽기간편식',1,5,1,195,195,544,60,50,NULL),
(196,'2022-09-26 12:10:50','2022-09-26 12:10:50',5,'면/국수/쌀/밀볶기/야식','면국수쌀밀볶기야식',1,5,1,196,196,457,164,229,NULL),
(197,'2022-09-26 12:10:50','2022-09-26 12:10:50',4,'중식/해조류무치기/간편식','중식해조류무치기간편식',1,5,1,197,197,179,164,46,NULL),
(198,'2022-09-26 12:10:50','2022-09-26 12:10:50',5,'한식/과일류굽기/집들이','한식과일류굽기집들이',1,5,1,198,198,232,39,205,NULL),
(199,'2022-09-26 12:10:50','2022-09-26 12:10:50',1,'베이커리/닭고기데치기/도시락','베이커리닭고기데치기도시락',1,5,1,199,199,491,69,335,NULL),
(200,'2022-09-26 12:10:50','2022-09-26 12:10:50',2,'밥/죽/돼지고기/기념일','밥죽돼지고기기념일',1,5,1,200,200,180,152,319,NULL),
(201,'2022-09-26 12:10:50','2022-09-26 12:10:50',4,'베이커리/가공식품삶기/도시락','베이커리가공식품삶기도시락',1,5,1,201,201,430,56,232,NULL),
(202,'2022-09-26 12:10:50','2022-09-26 12:10:50',4,'음료/차/쌀/밀튀김/해장','음료차쌀밀튀김해장',1,5,1,202,202,378,94,126,NULL),
(203,'2022-09-26 12:10:50','2022-09-26 12:10:50',3,'밑반찬/구황작물삶기/영양식','밑반찬구황작물삶기영양식',1,5,1,203,203,380,80,315,NULL),
(204,'2022-09-26 12:10:50','2022-09-26 12:10:50',2,'밥/죽/구황작물데치기/해장','밥죽구황작물데치기해장',1,5,1,204,204,208,61,289,NULL),
(205,'2022-09-26 12:10:50','2022-09-26 12:10:50',5,'한식/버섯류','한식버섯류',1,5,1,205,205,380,44,211,NULL),
(206,'2022-09-26 12:10:50','2022-09-26 12:10:50',2,'메인반찬/해조류데치기/도시락','메인반찬해조류데치기도시락',1,5,1,206,206,312,73,2,NULL),
(207,'2022-09-26 12:10:50','2022-09-26 12:10:50',2,'장류/견과류/곡류/간편식','장류견과류곡류간편식',1,5,1,207,207,373,188,237,NULL),
(208,'2022-09-26 12:10:50','2022-09-26 12:10:50',1,'양식/과일류전/부침/영양식','양식과일류전부침영양식',1,5,1,208,208,321,113,274,NULL),
(209,'2022-09-26 12:10:50','2022-09-26 12:10:50',5,'음료/차데치기/도시락','음료차데치기도시락',1,5,1,209,209,528,46,280,NULL),
(210,'2022-09-26 12:10:50','2022-09-26 12:10:50',3,'한식/돼지고기데치기/해장','한식돼지고기데치기해장',1,5,1,210,210,348,60,36,NULL),
(212,'2022-09-26 12:10:50','2022-09-26 12:10:50',3,'한식/소고기데치기/야식','한식소고기데치기야식',1,5,1,212,212,289,187,142,NULL),
(213,'2022-09-26 12:10:50','2022-09-26 12:10:50',1,'밥/죽/구황작물튀김/도시락','밥죽구황작물튀김도시락',1,5,1,213,213,77,45,317,NULL),
(215,'2022-09-26 12:10:50','2022-09-26 12:10:50',4,'음료/차/갑각류굽기/집들이','음료차갑각류굽기집들이',1,5,1,215,215,184,31,53,NULL),
(216,'2022-09-26 12:10:50','2022-09-26 12:10:50',2,'동남아식/건어물류볶기/도시락','동남아식건어물류볶기도시락',1,5,1,216,216,275,58,344,NULL),
(217,'2022-09-26 12:10:50','2022-09-26 12:10:50',4,'한식/소고기끓이기/야식','한식소고기끓이기야식',1,5,1,217,217,136,11,110,NULL),
(218,'2022-09-26 12:10:50','2022-09-26 12:10:50',4,'양식/생선류조림/기념일','양식생선류조림기념일',1,5,1,218,218,552,81,28,NULL),
(219,'2022-09-26 12:10:50','2022-09-26 12:10:50',2,'밥/죽/소고기전/부침/간편식','밥죽소고기전부침간편식',1,5,1,219,219,521,39,250,NULL),
(220,'2022-09-26 12:10:50','2022-09-26 12:10:50',5,'면/국수/소고기굽기/기념일','면국수소고기굽기기념일',1,5,1,220,220,697,200,298,NULL),
(221,'2022-09-26 12:10:50','2022-09-26 12:10:50',2,'베이커리/소고기전/부침/영양식','베이커리소고기전부침영양식',1,5,1,221,221,91,52,260,NULL),
(222,'2022-09-26 12:10:50','2022-09-26 12:10:50',3,'밑반찬/해조류끓이기/술안주','밑반찬해조류끓이기술안주',1,5,1,222,222,390,188,157,NULL),
(223,'2022-09-26 12:10:50','2022-09-26 12:10:50',4,'한식/채소류굽기/해장','한식채소류굽기해장',1,5,1,223,223,481,87,289,NULL),
(224,'2022-09-26 12:10:50','2022-09-26 12:10:50',5,'면/국수/돼지고기굽기/기념일','면국수돼지고기굽기기념일',1,5,1,224,224,529,165,223,NULL),
(225,'2022-09-26 12:10:50','2022-09-26 12:10:50',5,'베이커리/생선류/야식','베이커리생선류야식',1,5,1,225,225,277,142,225,NULL),
(227,'2022-09-26 12:10:50','2022-09-26 12:10:50',4,'과일류/과일류조림','과일류과일류조림',1,5,1,227,227,53,39,173,NULL),
(229,'2022-09-26 12:10:50','2022-09-26 12:10:50',1,'건어물류/건어물류끓이기/야식','건어물류건어물류끓이기야식',1,5,1,229,229,96,44,52,NULL),
(230,'2022-09-26 12:10:50','2022-09-26 12:10:50',2,'소스/양념/갑각류찜/간편식','소스양념갑각류찜간편식',1,5,1,230,230,318,18,2,NULL),
(231,'2022-09-26 12:10:50','2022-09-26 12:10:50',4,'중식/쌀/밀조림/해장','중식쌀밀조림해장',1,5,1,231,231,498,151,265,NULL),
(232,'2022-09-26 12:10:50','2022-09-26 12:10:50',4,'메인반찬/갑각류전/부침/도시락','메인반찬갑각류전부침도시락',1,5,1,232,232,437,104,113,NULL),
(233,'2022-09-26 12:10:50','2022-09-26 12:10:50',2,'베이커리/갑각류굽기/술안주','베이커리갑각류굽기술안주',1,5,1,233,233,135,11,103,NULL),
(234,'2022-09-26 12:10:50','2022-09-26 12:10:50',1,'중식/구황작물데치기/야식','중식구황작물데치기야식',1,5,1,234,234,182,62,229,NULL),
(235,'2022-09-26 12:10:50','2022-09-26 12:10:50',1,'양식/과일류전/부침/영양식','양식과일류전부침영양식',1,5,1,235,235,298,69,265,NULL),
(236,'2022-09-26 12:10:50','2022-09-26 12:10:50',1,'베이커리/건어물류찜/집들이','베이커리건어물류찜집들이',1,5,1,236,236,435,150,167,NULL),
(237,'2022-09-26 12:10:50','2022-09-26 12:10:50',2,'면/국수/해조류볶기/간편식','면국수해조류볶기간편식',1,5,1,237,237,267,29,95,NULL),
(238,'2022-09-26 12:10:50','2022-09-26 12:10:50',3,'동남아식끓이기/해장','동남아식끓이기해장',1,5,1,238,238,522,186,289,NULL),
(239,'2022-09-26 12:10:50','2022-09-26 12:10:50',5,'밥/죽/건어물류삶기/해장','밥죽건어물류삶기해장',1,5,1,239,239,527,69,81,NULL),
(240,'2022-09-26 12:10:50','2022-09-26 12:10:50',4,'찜/도시락','찜도시락',1,5,1,240,240,313,26,333,NULL),
(241,'2022-09-26 12:10:50','2022-09-26 12:10:50',3,'베이커리/소고기볶기/기념일','베이커리소고기볶기기념일',1,5,1,241,241,134,74,348,NULL),
(242,'2022-09-26 12:10:50','2022-09-26 12:10:50',4,'메인반찬볶기/집들이','메인반찬볶기집들이',1,5,1,242,242,611,172,111,NULL),
(243,'2022-09-26 12:10:50','2022-09-26 12:10:50',1,'양식/닭고기전/부침/간편식','양식닭고기전부침간편식',1,5,1,243,243,215,200,16,NULL),
(244,'2022-09-26 12:10:50','2022-09-26 12:10:50',3,'양식/소고기굽기/간편식','양식소고기굽기간편식',1,5,1,244,244,303,47,9,NULL),
(245,'2022-09-26 12:10:50','2022-09-26 12:10:50',2,'일식/가공식품무치기/다이어트','일식가공식품무치기다이어트',1,5,1,245,245,320,85,12,NULL),
(246,'2022-09-26 12:10:50','2022-09-26 12:10:50',3,'메인반찬/구황작물삶기/야식','메인반찬구황작물삶기야식',1,5,1,246,246,585,180,140,NULL),
(247,'2022-09-26 12:10:50','2022-09-26 12:10:50',3,'밑반찬/돼지고기조림/야식','밑반찬돼지고기조림야식',1,5,1,247,247,379,60,104,NULL),
(248,'2022-09-26 12:10:50','2022-09-26 12:10:50',5,'면/국수/가공식품튀김/술안주','면국수가공식품튀김술안주',1,5,1,248,248,498,117,8,NULL),
(249,'2022-09-26 12:10:50','2022-09-26 12:10:50',2,'양식/달걀/유제품찜/집들이','양식달걀유제품찜집들이',1,5,1,249,249,519,72,253,NULL),
(250,'2022-09-26 12:10:50','2022-09-26 12:10:50',3,'음료/차굽기/영양식','음료차굽기영양식',1,5,1,250,250,202,109,193,NULL),
(251,'2022-09-26 12:10:50','2022-09-26 12:10:50',3,'밑반찬/돼지고기조림/해장','밑반찬돼지고기조림해장',1,5,1,251,251,144,23,323,NULL),
(252,'2022-09-26 12:10:50','2022-09-26 12:10:50',5,'양식/소고기/술안주','양식소고기술안주',1,5,1,252,252,378,54,204,NULL),
(253,'2022-09-26 12:10:50','2022-09-26 12:10:50',3,'중식/가공식품튀김','중식가공식품튀김',1,5,1,253,253,280,20,260,NULL),
(254,'2022-09-26 12:10:50','2022-09-26 12:10:50',1,'소스/양념/닭고기끓이기','소스양념닭고기끓이기',1,5,1,254,254,412,84,304,NULL),
(255,'2022-09-26 12:10:50','2022-09-26 12:10:50',4,'양식/건어물류튀김/간편식','양식건어물류튀김간편식',1,5,1,255,255,376,18,289,NULL),
(256,'2022-09-26 12:10:50','2022-09-26 12:10:50',5,'중식찜/집들이','중식찜집들이',1,5,1,256,256,479,173,296,NULL),
(257,'2022-09-26 12:10:50','2022-09-26 12:10:50',1,'중식/해조류조림/영양식','중식해조류조림영양식',1,5,1,257,257,579,126,213,NULL),
(258,'2022-09-26 12:10:50','2022-09-26 12:10:50',2,'음료/차/가공식품전/부침/도시락','음료차가공식품전부침도시락',1,5,1,258,258,382,32,338,NULL),
(259,'2022-09-26 12:10:50','2022-09-26 12:10:50',4,'음료/차/구황작물튀김/기념일','음료차구황작물튀김기념일',1,5,1,259,259,457,69,290,NULL),
(260,'2022-09-26 12:10:50','2022-09-26 12:10:50',5,'일식/채소류전/부침/술안주','일식채소류전부침술안주',1,5,1,260,260,410,21,14,NULL),
(261,'2022-09-26 12:10:50','2022-09-26 12:10:50',3,'밑반찬/돼지고기무치기/술안주','밑반찬돼지고기무치기술안주',1,5,1,261,261,456,176,94,NULL),
(262,'2022-09-26 12:10:50','2022-09-26 12:10:50',2,'국/탕/찌게데치기','국탕찌게데치기',1,5,1,262,262,377,143,265,NULL),
(263,'2022-09-26 12:10:50','2022-09-26 12:10:50',4,'과일류/과일류전/부침/집들이','과일류과일류전부침집들이',1,5,1,263,263,457,129,329,NULL),
(264,'2022-09-26 12:10:50','2022-09-26 12:10:50',2,'국/탕/찌게/생선류볶기/도시락','국탕찌게생선류볶기도시락',1,5,1,264,264,593,154,10,NULL),
(265,'2022-09-26 12:10:50','2022-09-26 12:10:50',2,'동남아식/쌀/밀/영양식','동남아식쌀밀영양식',1,5,1,265,265,375,166,19,NULL),
(266,'2022-09-26 12:10:50','2022-09-26 12:10:50',4,'음료/차/갑각류무치기/술안주','음료차갑각류무치기술안주',1,5,1,266,266,385,158,273,NULL),
(267,'2022-09-26 12:10:50','2022-09-26 12:10:50',2,'동남아식/갑각류튀김/술안주','동남아식갑각류튀김술안주',1,5,1,267,267,115,106,103,NULL),
(268,'2022-09-26 12:10:50','2022-09-26 12:10:50',4,'소스/양념/돼지고기볶기/해장','소스양념돼지고기볶기해장',1,5,1,268,268,543,178,199,NULL),
(269,'2022-09-26 12:10:50','2022-09-26 12:10:50',3,'밑반찬/생선류조림/기념일','밑반찬생선류조림기념일',1,5,1,269,269,329,33,41,NULL),
(271,'2022-09-26 12:10:50','2022-09-26 12:10:50',5,'음료/차/달걀/유제품데치기','음료차달걀유제품데치기',1,5,1,271,271,61,33,200,NULL),
(272,'2022-09-26 12:10:51','2022-09-26 12:10:51',5,'중식/채소류볶기/간편식','중식채소류볶기간편식',1,5,1,272,272,611,72,30,NULL),
(273,'2022-09-26 12:10:51','2022-09-26 12:10:51',5,'음료/차/가공식품볶기/야식','음료차가공식품볶기야식',1,5,1,273,273,449,69,162,NULL),
(274,'2022-09-26 12:10:51','2022-09-26 12:10:51',5,'중식/채소류끓이기/집들이','중식채소류끓이기집들이',1,5,1,274,274,449,56,349,NULL),
(275,'2022-09-26 12:10:51','2022-09-26 12:10:51',4,'메인반찬/생선류전/부침/영양식','메인반찬생선류전부침영양식',1,5,1,275,275,372,31,275,NULL),
(276,'2022-09-26 12:10:51','2022-09-26 12:10:51',4,'밑반찬/채소류데치기/영양식','밑반찬채소류데치기영양식',1,5,1,276,276,117,92,330,NULL),
(277,'2022-09-26 12:10:51','2022-09-26 12:10:51',3,'국/탕/찌게/소고기찜/다이어트','국탕찌게소고기찜다이어트',1,5,1,277,277,166,66,283,NULL),
(279,'2022-09-26 12:10:51','2022-09-26 12:10:51',3,'밥/죽/생선류굽기/기념일','밥죽생선류굽기기념일',1,5,1,279,279,372,42,144,NULL),
(281,'2022-09-26 12:10:51','2022-09-26 12:10:51',4,'면/국수/갑각류무치기','면국수갑각류무치기',1,5,1,281,281,416,43,130,NULL),
(282,'2022-09-26 12:10:51','2022-09-26 12:10:51',2,'쌀/밀/쌀/밀볶기/해장','쌀밀쌀밀볶기해장',1,5,1,282,282,289,42,328,NULL),
(284,'2022-09-26 12:10:51','2022-09-26 12:10:51',2,'양식/과일류찜/간편식','양식과일류찜간편식',1,5,1,284,284,353,20,49,NULL),
(286,'2022-09-26 12:10:51','2022-09-26 12:10:51',3,'밥/죽/돼지고기데치기/야식','밥죽돼지고기데치기야식',1,5,1,286,286,204,143,289,NULL),
(287,'2022-09-26 12:10:51','2022-09-26 12:10:51',2,'국/탕/찌게/돼지고기볶기/해장','국탕찌게돼지고기볶기해장',1,5,1,287,287,571,196,145,NULL),
(288,'2022-09-26 12:10:51','2022-09-26 12:10:51',3,'베이커리데치기','베이커리데치기',1,5,1,288,288,210,27,150,NULL),
(289,'2022-09-26 12:10:51','2022-09-26 12:10:51',3,'베이커리/닭고기찜/기념일','베이커리닭고기찜기념일',1,5,1,289,289,444,148,142,NULL),
(290,'2022-09-26 12:10:51','2022-09-26 12:10:51',4,'일식/돼지고기/영양식','일식돼지고기영양식',1,5,1,290,290,591,162,292,NULL),
(291,'2022-09-26 12:10:51','2022-09-26 12:10:51',3,'동남아식/건어물류굽기/도시락','동남아식건어물류굽기도시락',1,5,1,291,291,403,147,62,NULL),
(292,'2022-09-26 12:10:51','2022-09-26 12:10:51',1,'소스/양념/돼지고기볶기/다이어트','소스양념돼지고기볶기다이어트',1,5,1,292,292,629,137,306,NULL),
(294,'2022-09-26 12:10:51','2022-09-26 12:10:51',3,'메인반찬/견과류/곡류조림/술안주','메인반찬견과류곡류조림술안주',1,5,1,294,294,619,158,37,NULL),
(295,'2022-09-26 12:10:51','2022-09-26 12:10:51',5,'양식/견과류/곡류굽기/집들이','양식견과류곡류굽기집들이',1,5,1,295,295,320,32,165,NULL),
(296,'2022-09-26 12:10:51','2022-09-27 23:05:55',3,'소스/양념/닭고기데치기/집들이','소스양념닭고기데치기집들이',1,5,1,296,296,541,177,348,NULL),
(297,'2022-09-26 12:10:51','2022-09-28 19:25:37',5,'집들이 양념돼지구이','단쨘단쨘 집들이할때 만든 요리 소개할게요.',4,60,2,297,297,543,65,219,'양념은 설탕부터 넣어주세요'),
(298,'2022-09-26 12:10:51','2022-09-26 12:10:51',1,'소스/양념/쌀/밀찜/영양식','소스양념쌀밀찜영양식',1,5,1,298,298,339,34,335,NULL),
(299,'2022-09-26 12:10:51','2022-09-26 12:10:51',3,'동남아식/버섯류굽기/간편식','동남아식버섯류굽기간편식',1,5,1,299,299,185,57,182,NULL),
(302,'2022-09-26 12:10:51','2022-09-26 12:10:51',2,'일식/해조류조림/간편식','일식해조류조림간편식',1,5,1,302,302,91,49,329,NULL),
(303,'2022-09-26 12:10:51','2022-09-26 12:10:51',4,'장류/닭고기조림/영양식','장류닭고기조림영양식',1,5,1,303,303,668,193,3,NULL),
(304,'2022-09-26 12:18:22','2022-09-26 12:18:22',6,'오이소박이','간단하게 만들어 봐요',2,10,1,304,304,316,0,0,''),
(305,'2022-09-27 21:32:20','2022-09-27 22:13:22',3,'소세지 야채볶음','이거면 반찬걱정 끝',2,20,1,305,305,44,0,0,''),
(306,'2022-10-01 00:50:31','2022-10-01 00:50:31',3,'오리훈제야채볶음','건강을 챙긴다면 오늘은 오리볶음으로',2,10,1,306,306,5,0,0,'오리를 너무 익히면 수분기가 없어져서 바싹굽기보단 살짝만 노릇하게 볶기를 추천드려요.'),
(312,'2022-10-04 03:43:46','2022-10-05 19:23:22',10,'돼지제육볶음','점심메뉴선정1위\r\n불맛나는 제육볶음',2,30,1,312,312,12,0,0,'가능한 강한 화력을 준비해주세요!');

/*Table structure for table `reply` */

DROP TABLE IF EXISTS `reply`;

CREATE TABLE `reply` (
  `id` int(10) unsigned NOT NULL AUTO_INCREMENT,
  `regDate` datetime NOT NULL,
  `updateDate` datetime NOT NULL,
  `memberId` int(10) unsigned NOT NULL,
  `relTypeCode` char(30) NOT NULL COMMENT '관련데이터타입코드',
  `relId` int(10) unsigned NOT NULL COMMENT '관련데이터번호',
  `body` text NOT NULL,
  PRIMARY KEY (`id`),
  KEY `relTypeCode` (`relTypeCode`,`relId`)
) ENGINE=InnoDB AUTO_INCREMENT=22 DEFAULT CHARSET=utf8mb4;

/*Data for the table `reply` */

insert  into `reply`(`id`,`regDate`,`updateDate`,`memberId`,`relTypeCode`,`relId`,`body`) values 
(1,'2022-09-26 12:10:35','2022-09-26 12:10:35',1,'recipe',1,'간단한게 먹기 좋아요 맛있어요!'),
(2,'2022-09-26 12:10:35','2022-09-26 12:10:35',1,'recipe',2,'오늘 저녁에 함 해봐야겠어요.'),
(3,'2022-09-26 12:10:35','2022-09-26 12:10:35',4,'recipe',3,'특별한 날 기분낼 때 좋네요~'),
(4,'2022-09-26 12:10:35','2022-09-26 12:10:35',5,'recipe',3,'불세기는 어느정도인가요?'),
(5,'2022-09-27 12:53:41','2022-09-27 12:53:52',1,'recipe',1,'1111'),
(6,'2022-09-27 13:06:48','2022-09-27 13:06:48',5,'recipe',1,'3333'),
(7,'2022-09-27 13:07:33','2022-09-27 13:07:33',3,'recipe',1,'맛있어요~'),
(8,'2022-09-27 19:00:24','2022-09-27 19:00:24',6,'recipe',304,'맛있게 드세요~'),
(9,'2022-09-27 19:04:20','2022-09-27 19:04:20',6,'recipe',272,'좋네요~'),
(10,'2022-09-28 18:34:54','2022-09-28 18:34:54',5,'recipe',57,'안녕하세요'),
(11,'2022-09-28 18:36:22','2022-09-28 18:36:22',6,'recipe',57,'반가워요'),
(17,'2022-09-29 19:49:05','2022-09-29 23:13:54',10,'recipe',304,'아삭하니 맛있네요~!'),
(20,'2022-09-29 23:15:31','2022-09-29 23:20:21',2,'recipe',272,'중화느낌이 낭낭'),
(21,'2022-10-03 01:35:12','2022-10-03 01:35:12',3,'recipe',272,'감사합니다~');

/*Table structure for table `scrapPoint` */

DROP TABLE IF EXISTS `scrapPoint`;

CREATE TABLE `scrapPoint` (
  `id` int(10) unsigned NOT NULL AUTO_INCREMENT,
  `regDate` datetime NOT NULL,
  `updateDate` datetime NOT NULL,
  `memberId` int(10) unsigned NOT NULL,
  `relTypeCode` char(30) NOT NULL COMMENT '관련데이터타입코드',
  `relId` int(10) unsigned NOT NULL COMMENT '관련데이터번호',
  `point` smallint(2) NOT NULL,
  PRIMARY KEY (`id`)
) ENGINE=InnoDB AUTO_INCREMENT=14 DEFAULT CHARSET=utf8mb4;

/*Data for the table `scrapPoint` */

insert  into `scrapPoint`(`id`,`regDate`,`updateDate`,`memberId`,`relTypeCode`,`relId`,`point`) values 
(1,'2022-09-26 12:10:35','2022-09-26 12:10:35',1,'recipe',1,1),
(2,'2022-09-26 12:10:35','2022-09-26 12:10:35',1,'recipe',2,1),
(3,'2022-09-26 12:10:35','2022-09-26 12:10:35',2,'recipe',1,1),
(4,'2022-09-26 12:10:35','2022-09-26 12:10:35',3,'recipe',3,1),
(5,'2022-09-27 17:54:52','2022-09-27 17:54:52',2,'recipe',17,1),
(9,'2022-10-01 00:34:01','2022-10-01 00:34:01',5,'recipe',285,1),
(10,'2022-10-01 00:50:51','2022-10-01 00:50:51',3,'recipe',299,1),
(11,'2022-10-02 18:50:41','2022-10-02 18:50:41',6,'recipe',161,1),
(12,'2022-10-05 19:23:47','2022-10-05 19:23:47',10,'recipe',292,1),
(13,'2022-10-05 19:23:55','2022-10-05 19:23:55',10,'recipe',113,1);

/* Procedure structure for procedure `dataGuideInsert` */

/*!50003 DROP PROCEDURE IF EXISTS  `dataGuideInsert` */;

DELIMITER $$

/*!50003 CREATE DEFINER=`korad`@`%` PROCEDURE `dataGuideInsert`()
BEGIN ## 시작    
DECLARE i INT DEFAULT 1; ## 시작값        
WHILE(i<=300) DO ## 반복문         
INSERT INTO guide ( regDate, updateDate, sortId, methodId, contentId, freeId )
VALUE (NOW(), NOW(), FLOOR(RAND() * 15), FLOOR(RAND() * 11), FLOOR(RAND() * 16), FLOOR(RAND() * 10));       
SET i=i+1;        
END WHILE; ## 반복 종료         
END */$$
DELIMITER ;

/* Procedure structure for procedure `dataIngredientInsert` */

/*!50003 DROP PROCEDURE IF EXISTS  `dataIngredientInsert` */;

DELIMITER $$

/*!50003 CREATE DEFINER=`korad`@`%` PROCEDURE `dataIngredientInsert`()
BEGIN ## 시작    
DECLARE i INT DEFAULT 1; ## 시작값        
WHILE(i<=300) DO ## 반복문         
INSERT INTO ingredient ( regDate, updateDate )
VALUE (NOW(), NOW());       
SET i=i+1;        
END WHILE; ## 반복 종료         
END */$$
DELIMITER ;

/* Procedure structure for procedure `dataRecipeInsert` */

/*!50003 DROP PROCEDURE IF EXISTS  `dataRecipeInsert` */;

DELIMITER $$

/*!50003 CREATE DEFINER=`korad`@`%` PROCEDURE `dataRecipeInsert`()
BEGIN ## 시작    
DECLARE i INT DEFAULT 1; ## 시작값        
WHILE(i<=300) DO ## 반복문         
INSERT INTO recipe ( regDate, updateDate, memberId, title, `body`) VALUE (NOW(), NOW(), FLOOR(RAND() * 5)+1, "", "");
SET i=i+1;        
END WHILE; ## 반복 종료         
END */$$
DELIMITER ;

/*!40101 SET SQL_MODE=@OLD_SQL_MODE */;
/*!40014 SET FOREIGN_KEY_CHECKS=@OLD_FOREIGN_KEY_CHECKS */;
/*!40014 SET UNIQUE_CHECKS=@OLD_UNIQUE_CHECKS */;
/*!40111 SET SQL_NOTES=@OLD_SQL_NOTES */;
